movie_title,movie_cd,target_date,days_since_open,rank,audi_cnt,audi_acc,scrn_cnt,sales_share
왕과 사는 남자,DUMMY_왕과,20260204,0,0,0,0,0,0.0
왕과 사는 남자,DUMMY_왕과,20260205,1,0,0,0,0,0.0
왕과 사는 남자,DUMMY_왕과,20260206,2,0,0,0,0,0.0
왕과 사는 남자,DUMMY_왕과,20260207,3,0,0,0,0,0.0
왕과 사는 남자,DUMMY_왕과,20260208,4,0,0,0,0,0.0
왕과 사는 남자,DUMMY_왕과,20260209,5,0,0,0,0,0.0
왕과 사는 남자,DUMMY_왕과,20260210,6,0,0,0,0,0.0
왕과 사는 남자,DUMMY_왕과,20260211,7,0,0,0,0,0.0
왕과 사는 남자,DUMMY_왕과,20260212,8,0,0,0,0,0.0
왕과 사는 남자,DUMMY_왕과,20260213,9,0,0,0,0,0.0
왕과 사는 남자,DUMMY_왕과,20260214,10,0,0,0,0,0.0
왕과 사는 남자,DUMMY_왕과,20260215,11,0,0,0,0,0.0
왕과 사는 남자,DUMMY_왕과,20260216,12,0,0,0,0,0.0
왕과 사는 남자,DUMMY_왕과,20260217,13,0,0,0,0,0.0
왕과 사는 남자,DUMMY_왕과,20260218,14,0,0,0,0,0.0
왕과 사는 남자,DUMMY_왕과,20260219,15,0,0,0,0,0.0
왕과 사는 남자,DUMMY_왕과,20260220,16,0,0,0,0,0.0
왕과 사는 남자,DUMMY_왕과,20260221,17,0,0,0,0,0.0
왕과 사는 남자,DUMMY_왕과,20260222,18,0,0,0,0,0.0
왕과 사는 남자,DUMMY_왕과,20260223,19,0,0,0,0,0.0
왕과 사는 남자,DUMMY_왕과,20260224,20,0,0,0,0,0.0
왕과 사는 남자,DUMMY_왕과,20260225,21,0,0,0,0,0.0
왕과 사는 남자,DUMMY_왕과,20260226,22,0,0,0,0,0.0
왕과 사는 남자,DUMMY_왕과,20260227,23,0,0,0,0,0.0
왕과 사는 남자,DUMMY_왕과,20260228,24,0,0,0,0,0.0
왕과 사는 남자,DUMMY_왕과,20260301,25,0,0,0,0,0.0
왕과 사는 남자,DUMMY_왕과,20260302,26,0,0,0,0,0.0
왕과 사는 남자,DUMMY_왕과,20260303,27,0,0,0,0,0.0
왕과 사는 남자,DUMMY_왕과,20260304,28,0,0,0,0,0.0
왕과 사는 남자,DUMMY_왕과,20260305,29,0,0,0,0,0.0
왕과 사는 남자,DUMMY_왕과,20260306,30,0,0,0,0,0.0
왕과 사는 남자,DUMMY_왕과,20260307,31,0,0,0,0,0.0
왕과 사는 남자,DUMMY_왕과,20260308,32,0,0,0,0,0.0
왕과 사는 남자,DUMMY_왕과,20260309,33,0,0,0,0,0.0
왕과 사는 남자,DUMMY_왕과,20260310,34,0,0,0,0,0.0
명량,DUMMY_명량,20140730,0,0,0,0,0,0.0
명량,DUMMY_명량,20140731,1,0,0,0,0,0.0
명량,DUMMY_명량,20140801,2,0,0,0,0,0.0
명량,DUMMY_명량,20140802,3,0,0,0,0,0.0
명량,DUMMY_명량,20140803,4,0,0,0,0,0.0
명량,DUMMY_명량,20140804,5,0,0,0,0,0.0
명량,DUMMY_명량,20140805,6,0,0,0,0,0.0
명량,DUMMY_명량,20140806,7,0,0,0,0,0.0
명량,DUMMY_명량,20140807,8,0,0,0,0,0.0
명량,DUMMY_명량,20140808,9,0,0,0,0,0.0
명량,DUMMY_명량,20140809,10,0,0,0,0,0.0
명량,DUMMY_명량,20140810,11,0,0,0,0,0.0
명량,DUMMY_명량,20140811,12,0,0,0,0,0.0
명량,DUMMY_명량,20140812,13,0,0,0,0,0.0
명량,DUMMY_명량,20140813,14,0,0,0,0,0.0
명량,DUMMY_명량,20140814,15,0,0,0,0,0.0
명량,DUMMY_명량,20140815,16,0,0,0,0,0.0
명량,DUMMY_명량,20140816,17,0,0,0,0,0.0
명량,DUMMY_명량,20140817,18,0,0,0,0,0.0
명량,DUMMY_명량,20140818,19,0,0,0,0,0.0
명량,DUMMY_명량,20140819,20,0,0,0,0,0.0
명량,DUMMY_명량,20140820,21,0,0,0,0,0.0
명량,DUMMY_명량,20140821,22,0,0,0,0,0.0
명량,DUMMY_명량,20140822,23,0,0,0,0,0.0
명량,DUMMY_명량,20140823,24,0,0,0,0,0.0
명량,DUMMY_명량,20140824,25,0,0,0,0,0.0
명량,DUMMY_명량,20140825,26,0,0,0,0,0.0
명량,DUMMY_명량,20140826,27,0,0,0,0,0.0
명량,DUMMY_명량,20140827,28,0,0,0,0,0.0
명량,DUMMY_명량,20140828,29,0,0,0,0,0.0
명량,DUMMY_명량,20140829,30,0,0,0,0,0.0
명량,DUMMY_명량,20140830,31,0,0,0,0,0.0
명량,DUMMY_명량,20140831,32,0,0,0,0,0.0
명량,DUMMY_명량,20140901,33,0,0,0,0,0.0
명량,DUMMY_명량,20140902,34,0,0,0,0,0.0
극한직업,DUMMY_극한,20190123,0,0,0,0,0,0.0
극한직업,DUMMY_극한,20190124,1,0,0,0,0,0.0
극한직업,DUMMY_극한,20190125,2,0,0,0,0,0.0
극한직업,DUMMY_극한,20190126,3,0,0,0,0,0.0
극한직업,DUMMY_극한,20190127,4,0,0,0,0,0.0
극한직업,DUMMY_극한,20190128,5,0,0,0,0,0.0
극한직업,DUMMY_극한,20190129,6,0,0,0,0,0.0
극한직업,DUMMY_극한,20190130,7,0,0,0,0,0.0
극한직업,DUMMY_극한,20190131,8,0,0,0,0,0.0
극한직업,DUMMY_극한,20190201,9,0,0,0,0,0.0
극한직업,DUMMY_극한,20190202,10,0,0,0,0,0.0
극한직업,DUMMY_극한,20190203,11,0,0,0,0,0.0
극한직업,DUMMY_극한,20190204,12,0,0,0,0,0.0
극한직업,DUMMY_극한,20190205,13,0,0,0,0,0.0
극한직업,DUMMY_극한,20190206,14,0,0,0,0,0.0
극한직업,DUMMY_극한,20190207,15,0,0,0,0,0.0
극한직업,DUMMY_극한,20190208,16,0,0,0,0,0.0
극한직업,DUMMY_극한,20190209,17,0,0,0,0,0.0
극한직업,DUMMY_극한,20190210,18,0,0,0,0,0.0
극한직업,DUMMY_극한,20190211,19,0,0,0,0,0.0
극한직업,DUMMY_극한,20190212,20,0,0,0,0,0.0
극한직업,DUMMY_극한,20190213,21,0,0,0,0,0.0
극한직업,DUMMY_극한,20190214,22,0,0,0,0,0.0
극한직업,DUMMY_극한,20190215,23,0,0,0,0,0.0
극한직업,DUMMY_극한,20190216,24,0,0,0,0,0.0
극한직업,DUMMY_극한,20190217,25,0,0,0,0,0.0
극한직업,DUMMY_극한,20190218,26,0,0,0,0,0.0
극한직업,DUMMY_극한,20190219,27,0,0,0,0,0.0
극한직업,DUMMY_극한,20190220,28,0,0,0,0,0.0
극한직업,DUMMY_극한,20190221,29,0,0,0,0,0.0
극한직업,DUMMY_극한,20190222,30,0,0,0,0,0.0
극한직업,DUMMY_극한,20190223,31,0,0,0,0,0.0
극한직업,DUMMY_극한,20190224,32,0,0,0,0,0.0
극한직업,DUMMY_극한,20190225,33,0,0,0,0,0.0
극한직업,DUMMY_극한,20190226,34,0,0,0,0,0.0
파묘,DUMMY_파묘,20240222,0,0,0,0,0,0.0
파묘,DUMMY_파묘,20240223,1,0,0,0,0,0.0
파묘,DUMMY_파묘,20240224,2,0,0,0,0,0.0
파묘,DUMMY_파묘,20240225,3,0,0,0,0,0.0
파묘,DUMMY_파묘,20240226,4,0,0,0,0,0.0
파묘,DUMMY_파묘,20240227,5,0,0,0,0,0.0
파묘,DUMMY_파묘,20240228,6,0,0,0,0,0.0
파묘,DUMMY_파묘,20240229,7,0,0,0,0,0.0
파묘,DUMMY_파묘,20240301,8,0,0,0,0,0.0
파묘,DUMMY_파묘,20240302,9,0,0,0,0,0.0
파묘,DUMMY_파묘,20240303,10,0,0,0,0,0.0
파묘,DUMMY_파묘,20240304,11,0,0,0,0,0.0
파묘,DUMMY_파묘,20240305,12,0,0,0,0,0.0
파묘,DUMMY_파묘,20240306,13,0,0,0,0,0.0
파묘,DUMMY_파묘,20240307,14,0,0,0,0,0.0
파묘,DUMMY_파묘,20240308,15,0,0,0,0,0.0
파묘,DUMMY_파묘,20240309,16,0,0,0,0,0.0
파묘,DUMMY_파묘,20240310,17,0,0,0,0,0.0
파묘,DUMMY_파묘,20240311,18,0,0,0,0,0.0
파묘,DUMMY_파묘,20240312,19,0,0,0,0,0.0
파묘,DUMMY_파묘,20240313,20,0,0,0,0,0.0
파묘,DUMMY_파묘,20240314,21,0,0,0,0,0.0
파묘,DUMMY_파묘,20240315,22,0,0,0,0,0.0
파묘,DUMMY_파묘,20240316,23,0,0,0,0,0.0
파묘,DUMMY_파묘,20240317,24,0,0,0,0,0.0
파묘,DUMMY_파묘,20240318,25,0,0,0,0,0.0
파묘,DUMMY_파묘,20240319,26,0,0,0,0,0.0
파묘,DUMMY_파묘,20240320,27,0,0,0,0,0.0
파묘,DUMMY_파묘,20240321,28,0,0,0,0,0.0
파묘,DUMMY_파묘,20240322,29,0,0,0,0,0.0
파묘,DUMMY_파묘,20240323,30,0,0,0,0,0.0
파묘,DUMMY_파묘,20240324,31,0,0,0,0,0.0
파묘,DUMMY_파묘,20240325,32,0,0,0,0,0.0
파묘,DUMMY_파묘,20240326,33,0,0,0,0,0.0
파묘,DUMMY_파묘,20240327,34,0,0,0,0,0.0
서울의 봄,DUMMY_서울,20231122,0,0,0,0,0,0.0
서울의 봄,DUMMY_서울,20231123,1,0,0,0,0,0.0
서울의 봄,DUMMY_서울,20231124,2,0,0,0,0,0.0
서울의 봄,DUMMY_서울,20231125,3,0,0,0,0,0.0
서울의 봄,DUMMY_서울,20231126,4,0,0,0,0,0.0
서울의 봄,DUMMY_서울,20231127,5,0,0,0,0,0.0
서울의 봄,DUMMY_서울,20231128,6,0,0,0,0,0.0
서울의 봄,DUMMY_서울,20231129,7,0,0,0,0,0.0
서울의 봄,DUMMY_서울,20231130,8,0,0,0,0,0.0
서울의 봄,DUMMY_서울,20231201,9,0,0,0,0,0.0
서울의 봄,DUMMY_서울,20231202,10,0,0,0,0,0.0
서울의 봄,DUMMY_서울,20231203,11,0,0,0,0,0.0
서울의 봄,DUMMY_서울,20231204,12,0,0,0,0,0.0
서울의 봄,DUMMY_서울,20231205,13,0,0,0,0,0.0
서울의 봄,DUMMY_서울,20231206,14,0,0,0,0,0.0
서울의 봄,DUMMY_서울,20231207,15,0,0,0,0,0.0
서울의 봄,DUMMY_서울,20231208,16,0,0,0,0,0.0
서울의 봄,DUMMY_서울,20231209,17,0,0,0,0,0.0
서울의 봄,DUMMY_서울,20231210,18,0,0,0,0,0.0
서울의 봄,DUMMY_서울,20231211,19,0,0,0,0,0.0
서울의 봄,DUMMY_서울,20231212,20,0,0,0,0,0.0
서울의 봄,DUMMY_서울,20231213,21,0,0,0,0,0.0
서울의 봄,DUMMY_서울,20231214,22,0,0,0,0,0.0
서울의 봄,DUMMY_서울,20231215,23,0,0,0,0,0.0
서울의 봄,DUMMY_서울,20231216,24,0,0,0,0,0.0
서울의 봄,DUMMY_서울,20231217,25,0,0,0,0,0.0
서울의 봄,DUMMY_서울,20231218,26,0,0,0,0,0.0
서울의 봄,DUMMY_서울,20231219,27,0,0,0,0,0.0
서울의 봄,DUMMY_서울,20231220,28,0,0,0,0,0.0
서울의 봄,DUMMY_서울,20231221,29,0,0,0,0,0.0
서울의 봄,DUMMY_서울,20231222,30,0,0,0,0,0.0
서울의 봄,DUMMY_서울,20231223,31,0,0,0,0,0.0
서울의 봄,DUMMY_서울,20231224,32,0,0,0,0,0.0
서울의 봄,DUMMY_서울,20231225,33,0,0,0,0,0.0
서울의 봄,DUMMY_서울,20231226,34,0,0,0,0,0.0
범죄도시2,DUMMY_범죄,20220518,0,0,0,0,0,0.0
범죄도시2,DUMMY_범죄,20220519,1,0,0,0,0,0.0
범죄도시2,DUMMY_범죄,20220520,2,0,0,0,0,0.0
범죄도시2,DUMMY_범죄,20220521,3,0,0,0,0,0.0
범죄도시2,DUMMY_범죄,20220522,4,0,0,0,0,0.0
범죄도시2,DUMMY_범죄,20220523,5,0,0,0,0,0.0
범죄도시2,DUMMY_범죄,20220524,6,0,0,0,0,0.0
범죄도시2,DUMMY_범죄,20220525,7,0,0,0,0,0.0
범죄도시2,DUMMY_범죄,20220526,8,0,0,0,0,0.0
범죄도시2,DUMMY_범죄,20220527,9,0,0,0,0,0.0
범죄도시2,DUMMY_범죄,20220528,10,0,0,0,0,0.0
범죄도시2,DUMMY_범죄,20220529,11,0,0,0,0,0.0
범죄도시2,DUMMY_범죄,20220530,12,0,0,0,0,0.0
범죄도시2,DUMMY_범죄,20220531,13,0,0,0,0,0.0
범죄도시2,DUMMY_범죄,20220601,14,0,0,0,0,0.0
범죄도시2,DUMMY_범죄,20220602,15,0,0,0,0,0.0
범죄도시2,DUMMY_범죄,20220603,16,0,0,0,0,0.0
범죄도시2,DUMMY_범죄,20220604,17,0,0,0,0,0.0
범죄도시2,DUMMY_범죄,20220605,18,0,0,0,0,0.0
범죄도시2,DUMMY_범죄,20220606,19,0,0,0,0,0.0
범죄도시2,DUMMY_범죄,20220607,20,0,0,0,0,0.0
범죄도시2,DUMMY_범죄,20220608,21,0,0,0,0,0.0
범죄도시2,DUMMY_범죄,20220609,22,0,0,0,0,0.0
범죄도시2,DUMMY_범죄,20220610,23,0,0,0,0,0.0
범죄도시2,DUMMY_범죄,20220611,24,0,0,0,0,0.0
범죄도시2,DUMMY_범죄,20220612,25,0,0,0,0,0.0
범죄도시2,DUMMY_범죄,20220613,26,0,0,0,0,0.0
범죄도시2,DUMMY_범죄,20220614,27,0,0,0,0,0.0
범죄도시2,DUMMY_범죄,20220615,28,0,0,0,0,0.0
범죄도시2,DUMMY_범죄,20220616,29,0,0,0,0,0.0
범죄도시2,DUMMY_범죄,20220617,30,0,0,0,0,0.0
범죄도시2,DUMMY_범죄,20220618,31,0,0,0,0,0.0
범죄도시2,DUMMY_범죄,20220619,32,0,0,0,0,0.0
범죄도시2,DUMMY_범죄,20220620,33,0,0,0,0,0.0
범죄도시2,DUMMY_범죄,20220621,34,0,0,0,0,0.0
신과함께-죄와 벌,DUMMY_신과,20171220,0,0,0,0,0,0.0
신과함께-죄와 벌,DUMMY_신과,20171221,1,0,0,0,0,0.0
신과함께-죄와 벌,DUMMY_신과,20171222,2,0,0,0,0,0.0
신과함께-죄와 벌,DUMMY_신과,20171223,3,0,0,0,0,0.0
신과함께-죄와 벌,DUMMY_신과,20171224,4,0,0,0,0,0.0
신과함께-죄와 벌,DUMMY_신과,20171225,5,0,0,0,0,0.0
신과함께-죄와 벌,DUMMY_신과,20171226,6,0,0,0,0,0.0
신과함께-죄와 벌,DUMMY_신과,20171227,7,0,0,0,0,0.0
신과함께-죄와 벌,DUMMY_신과,20171228,8,0,0,0,0,0.0
신과함께-죄와 벌,DUMMY_신과,20171229,9,0,0,0,0,0.0
신과함께-죄와 벌,DUMMY_신과,20171230,10,0,0,0,0,0.0
신과함께-죄와 벌,DUMMY_신과,20171231,11,0,0,0,0,0.0
신과함께-죄와 벌,DUMMY_신과,20180101,12,0,0,0,0,0.0
신과함께-죄와 벌,DUMMY_신과,20180102,13,0,0,0,0,0.0
신과함께-죄와 벌,DUMMY_신과,20180103,14,0,0,0,0,0.0
신과함께-죄와 벌,DUMMY_신과,20180104,15,0,0,0,0,0.0
신과함께-죄와 벌,DUMMY_신과,20180105,16,0,0,0,0,0.0
신과함께-죄와 벌,DUMMY_신과,20180106,17,0,0,0,0,0.0
신과함께-죄와 벌,DUMMY_신과,20180107,18,0,0,0,0,0.0
신과함께-죄와 벌,DUMMY_신과,20180108,19,0,0,0,0,0.0
신과함께-죄와 벌,DUMMY_신과,20180109,20,0,0,0,0,0.0
신과함께-죄와 벌,DUMMY_신과,20180110,21,0,0,0,0,0.0
신과함께-죄와 벌,DUMMY_신과,20180111,22,0,0,0,0,0.0
신과함께-죄와 벌,DUMMY_신과,20180112,23,0,0,0,0,0.0
신과함께-죄와 벌,DUMMY_신과,20180113,24,0,0,0,0,0.0
신과함께-죄와 벌,DUMMY_신과,20180114,25,0,0,0,0,0.0
신과함께-죄와 벌,DUMMY_신과,20180115,26,0,0,0,0,0.0
신과함께-죄와 벌,DUMMY_신과,20180116,27,0,0,0,0,0.0
신과함께-죄와 벌,DUMMY_신과,20180117,28,0,0,0,0,0.0
신과함께-죄와 벌,DUMMY_신과,20180118,29,0,0,0,0,0.0
신과함께-죄와 벌,DUMMY_신과,20180119,30,0,0,0,0,0.0
신과함께-죄와 벌,DUMMY_신과,20180120,31,0,0,0,0,0.0
신과함께-죄와 벌,DUMMY_신과,20180121,32,0,0,0,0,0.0
신과함께-죄와 벌,DUMMY_신과,20180122,33,0,0,0,0,0.0
신과함께-죄와 벌,DUMMY_신과,20180123,34,0,0,0,0,0.0
국제시장,DUMMY_국제,20141217,0,0,0,0,0,0.0
국제시장,DUMMY_국제,20141218,1,0,0,0,0,0.0
국제시장,DUMMY_국제,20141219,2,0,0,0,0,0.0
국제시장,DUMMY_국제,20141220,3,0,0,0,0,0.0
국제시장,DUMMY_국제,20141221,4,0,0,0,0,0.0
국제시장,DUMMY_국제,20141222,5,0,0,0,0,0.0
국제시장,DUMMY_국제,20141223,6,0,0,0,0,0.0
국제시장,DUMMY_국제,20141224,7,0,0,0,0,0.0
국제시장,DUMMY_국제,20141225,8,0,0,0,0,0.0
국제시장,DUMMY_국제,20141226,9,0,0,0,0,0.0
국제시장,DUMMY_국제,20141227,10,0,0,0,0,0.0
국제시장,DUMMY_국제,20141228,11,0,0,0,0,0.0
국제시장,DUMMY_국제,20141229,12,0,0,0,0,0.0
국제시장,DUMMY_국제,20141230,13,0,0,0,0,0.0
국제시장,DUMMY_국제,20141231,14,0,0,0,0,0.0
국제시장,DUMMY_국제,20150101,15,0,0,0,0,0.0
국제시장,DUMMY_국제,20150102,16,0,0,0,0,0.0
국제시장,DUMMY_국제,20150103,17,0,0,0,0,0.0
국제시장,DUMMY_국제,20150104,18,0,0,0,0,0.0
국제시장,DUMMY_국제,20150105,19,0,0,0,0,0.0
국제시장,DUMMY_국제,20150106,20,0,0,0,0,0.0
국제시장,DUMMY_국제,20150107,21,0,0,0,0,0.0
국제시장,DUMMY_국제,20150108,22,0,0,0,0,0.0
국제시장,DUMMY_국제,20150109,23,0,0,0,0,0.0
국제시장,DUMMY_국제,20150110,24,0,0,0,0,0.0
국제시장,DUMMY_국제,20150111,25,0,0,0,0,0.0
국제시장,DUMMY_국제,20150112,26,0,0,0,0,0.0
국제시장,DUMMY_국제,20150113,27,0,0,0,0,0.0
국제시장,DUMMY_국제,20150114,28,0,0,0,0,0.0
국제시장,DUMMY_국제,20150115,29,0,0,0,0,0.0
국제시장,DUMMY_국제,20150116,30,0,0,0,0,0.0
국제시장,DUMMY_국제,20150117,31,0,0,0,0,0.0
국제시장,DUMMY_국제,20150118,32,0,0,0,0,0.0
국제시장,DUMMY_국제,20150119,33,0,0,0,0,0.0
국제시장,DUMMY_국제,20150120,34,0,0,0,0,0.0
한산: 용의 출현,DUMMY_한산,20220727,0,0,0,0,0,0.0
한산: 용의 출현,DUMMY_한산,20220728,1,0,0,0,0,0.0
한산: 용의 출현,DUMMY_한산,20220729,2,0,0,0,0,0.0
한산: 용의 출현,DUMMY_한산,20220730,3,0,0,0,0,0.0
한산: 용의 출현,DUMMY_한산,20220731,4,0,0,0,0,0.0
한산: 용의 출현,DUMMY_한산,20220801,5,0,0,0,0,0.0
한산: 용의 출현,DUMMY_한산,20220802,6,0,0,0,0,0.0
한산: 용의 출현,DUMMY_한산,20220803,7,0,0,0,0,0.0
한산: 용의 출현,DUMMY_한산,20220804,8,0,0,0,0,0.0
한산: 용의 출현,DUMMY_한산,20220805,9,0,0,0,0,0.0
한산: 용의 출현,DUMMY_한산,20220806,10,0,0,0,0,0.0
한산: 용의 출현,DUMMY_한산,20220807,11,0,0,0,0,0.0
한산: 용의 출현,DUMMY_한산,20220808,12,0,0,0,0,0.0
한산: 용의 출현,DUMMY_한산,20220809,13,0,0,0,0,0.0
한산: 용의 출현,DUMMY_한산,20220810,14,0,0,0,0,0.0
한산: 용의 출현,DUMMY_한산,20220811,15,0,0,0,0,0.0
한산: 용의 출현,DUMMY_한산,20220812,16,0,0,0,0,0.0
한산: 용의 출현,DUMMY_한산,20220813,17,0,0,0,0,0.0
한산: 용의 출현,DUMMY_한산,20220814,18,0,0,0,0,0.0
한산: 용의 출현,DUMMY_한산,20220815,19,0,0,0,0,0.0
한산: 용의 출현,DUMMY_한산,20220816,20,0,0,0,0,0.0
한산: 용의 출현,DUMMY_한산,20220817,21,0,0,0,0,0.0
한산: 용의 출현,DUMMY_한산,20220818,22,0,0,0,0,0.0
한산: 용의 출현,DUMMY_한산,20220819,23,0,0,0,0,0.0
한산: 용의 출현,DUMMY_한산,20220820,24,0,0,0,0,0.0
한산: 용의 출현,DUMMY_한산,20220821,25,0,0,0,0,0.0
한산: 용의 출현,DUMMY_한산,20220822,26,0,0,0,0,0.0
한산: 용의 출현,DUMMY_한산,20220823,27,0,0,0,0,0.0
한산: 용의 출현,DUMMY_한산,20220824,28,0,0,0,0,0.0
한산: 용의 출현,DUMMY_한산,20220825,29,0,0,0,0,0.0
한산: 용의 출현,DUMMY_한산,20220826,30,0,0,0,0,0.0
한산: 용의 출현,DUMMY_한산,20220827,31,0,0,0,0,0.0
한산: 용의 출현,DUMMY_한산,20220828,32,0,0,0,0,0.0
한산: 용의 출현,DUMMY_한산,20220829,33,0,0,0,0,0.0
한산: 용의 출현,DUMMY_한산,20220830,34,0,0,0,0,0.0
공조2: 인터내셔날,DUMMY_공조,20220907,0,0,0,0,0,0.0
공조2: 인터내셔날,DUMMY_공조,20220908,1,0,0,0,0,0.0
공조2: 인터내셔날,DUMMY_공조,20220909,2,0,0,0,0,0.0
공조2: 인터내셔날,DUMMY_공조,20220910,3,0,0,0,0,0.0
공조2: 인터내셔날,DUMMY_공조,20220911,4,0,0,0,0,0.0
공조2: 인터내셔날,DUMMY_공조,20220912,5,0,0,0,0,0.0
공조2: 인터내셔날,DUMMY_공조,20220913,6,0,0,0,0,0.0
공조2: 인터내셔날,DUMMY_공조,20220914,7,0,0,0,0,0.0
공조2: 인터내셔날,DUMMY_공조,20220915,8,0,0,0,0,0.0
공조2: 인터내셔날,DUMMY_공조,20220916,9,0,0,0,0,0.0
공조2: 인터내셔날,DUMMY_공조,20220917,10,0,0,0,0,0.0
공조2: 인터내셔날,DUMMY_공조,20220918,11,0,0,0,0,0.0
공조2: 인터내셔날,DUMMY_공조,20220919,12,0,0,0,0,0.0
공조2: 인터내셔날,DUMMY_공조,20220920,13,0,0,0,0,0.0
공조2: 인터내셔날,DUMMY_공조,20220921,14,0,0,0,0,0.0
공조2: 인터내셔날,DUMMY_공조,20220922,15,0,0,0,0,0.0
공조2: 인터내셔날,DUMMY_공조,20220923,16,0,0,0,0,0.0
공조2: 인터내셔날,DUMMY_공조,20220924,17,0,0,0,0,0.0
공조2: 인터내셔날,DUMMY_공조,20220925,18,0,0,0,0,0.0
공조2: 인터내셔날,DUMMY_공조,20220926,19,0,0,0,0,0.0
공조2: 인터내셔날,DUMMY_공조,20220927,20,0,0,0,0,0.0
공조2: 인터내셔날,DUMMY_공조,20220928,21,0,0,0,0,0.0
공조2: 인터내셔날,DUMMY_공조,20220929,22,0,0,0,0,0.0
공조2: 인터내셔날,DUMMY_공조,20220930,23,0,0,0,0,0.0
공조2: 인터내셔날,DUMMY_공조,20221001,24,0,0,0,0,0.0
공조2: 인터내셔날,DUMMY_공조,20221002,25,0,0,0,0,0.0
공조2: 인터내셔날,DUMMY_공조,20221003,26,0,0,0,0,0.0
공조2: 인터내셔날,DUMMY_공조,20221004,27,0,0,0,0,0.0
공조2: 인터내셔날,DUMMY_공조,20221005,28,0,0,0,0,0.0
공조2: 인터내셔날,DUMMY_공조,20221006,29,0,0,0,0,0.0
공조2: 인터내셔날,DUMMY_공조,20221007,30,0,0,0,0,0.0
공조2: 인터내셔날,DUMMY_공조,20221008,31,0,0,0,0,0.0
공조2: 인터내셔날,DUMMY_공조,20221009,32,0,0,0,0,0.0
공조2: 인터내셔날,DUMMY_공조,20221010,33,0,0,0,0,0.0
공조2: 인터내셔날,DUMMY_공조,20221011,34,0,0,0,0,0.0
베테랑2,DUMMY_베테,20240913,0,0,0,0,0,0.0
베테랑2,DUMMY_베테,20240914,1,0,0,0,0,0.0
베테랑2,DUMMY_베테,20240915,2,0,0,0,0,0.0
베테랑2,DUMMY_베테,20240916,3,0,0,0,0,0.0
베테랑2,DUMMY_베테,20240917,4,0,0,0,0,0.0
베테랑2,DUMMY_베테,20240918,5,0,0,0,0,0.0
베테랑2,DUMMY_베테,20240919,6,0,0,0,0,0.0
베테랑2,DUMMY_베테,20240920,7,0,0,0,0,0.0
베테랑2,DUMMY_베테,20240921,8,0,0,0,0,0.0
베테랑2,DUMMY_베테,20240922,9,0,0,0,0,0.0
베테랑2,DUMMY_베테,20240923,10,0,0,0,0,0.0
베테랑2,DUMMY_베테,20240924,11,0,0,0,0,0.0
베테랑2,DUMMY_베테,20240925,12,0,0,0,0,0.0
베테랑2,DUMMY_베테,20240926,13,0,0,0,0,0.0
베테랑2,DUMMY_베테,20240927,14,0,0,0,0,0.0
베테랑2,DUMMY_베테,20240928,15,0,0,0,0,0.0
베테랑2,DUMMY_베테,20240929,16,0,0,0,0,0.0
베테랑2,DUMMY_베테,20240930,17,0,0,0,0,0.0
베테랑2,DUMMY_베테,20241001,18,0,0,0,0,0.0
베테랑2,DUMMY_베테,20241002,19,0,0,0,0,0.0
베테랑2,DUMMY_베테,20241003,20,0,0,0,0,0.0
베테랑2,DUMMY_베테,20241004,21,0,0,0,0,0.0
베테랑2,DUMMY_베테,20241005,22,0,0,0,0,0.0
베테랑2,DUMMY_베테,20241006,23,0,0,0,0,0.0
베테랑2,DUMMY_베테,20241007,24,0,0,0,0,0.0
베테랑2,DUMMY_베테,20241008,25,0,0,0,0,0.0
베테랑2,DUMMY_베테,20241009,26,0,0,0,0,0.0
베테랑2,DUMMY_베테,20241010,27,0,0,0,0,0.0
베테랑2,DUMMY_베테,20241011,28,0,0,0,0,0.0
베테랑2,DUMMY_베테,20241012,29,0,0,0,0,0.0
베테랑2,DUMMY_베테,20241013,30,0,0,0,0,0.0
베테랑2,DUMMY_베테,20241014,31,0,0,0,0,0.0
베테랑2,DUMMY_베테,20241015,32,0,0,0,0,0.0
베테랑2,DUMMY_베테,20241016,33,0,0,0,0,0.0
베테랑2,DUMMY_베테,20241017,34,0,0,0,0,0.0
밀수,DUMMY_밀수,20230726,0,0,0,0,0,0.0
밀수,DUMMY_밀수,20230727,1,0,0,0,0,0.0
밀수,DUMMY_밀수,20230728,2,0,0,0,0,0.0
밀수,DUMMY_밀수,20230729,3,0,0,0,0,0.0
밀수,DUMMY_밀수,20230730,4,0,0,0,0,0.0
밀수,DUMMY_밀수,20230731,5,0,0,0,0,0.0
밀수,DUMMY_밀수,20230801,6,0,0,0,0,0.0
밀수,DUMMY_밀수,20230802,7,0,0,0,0,0.0
밀수,DUMMY_밀수,20230803,8,0,0,0,0,0.0
밀수,DUMMY_밀수,20230804,9,0,0,0,0,0.0
밀수,DUMMY_밀수,20230805,10,0,0,0,0,0.0
밀수,DUMMY_밀수,20230806,11,0,0,0,0,0.0
밀수,DUMMY_밀수,20230807,12,0,0,0,0,0.0
밀수,DUMMY_밀수,20230808,13,0,0,0,0,0.0
밀수,DUMMY_밀수,20230809,14,0,0,0,0,0.0
밀수,DUMMY_밀수,20230810,15,0,0,0,0,0.0
밀수,DUMMY_밀수,20230811,16,0,0,0,0,0.0
밀수,DUMMY_밀수,20230812,17,0,0,0,0,0.0
밀수,DUMMY_밀수,20230813,18,0,0,0,0,0.0
밀수,DUMMY_밀수,20230814,19,0,0,0,0,0.0
밀수,DUMMY_밀수,20230815,20,0,0,0,0,0.0
밀수,DUMMY_밀수,20230816,21,0,0,0,0,0.0
밀수,DUMMY_밀수,20230817,22,0,0,0,0,0.0
밀수,DUMMY_밀수,20230818,23,0,0,0,0,0.0
밀수,DUMMY_밀수,20230819,24,0,0,0,0,0.0
밀수,DUMMY_밀수,20230820,25,0,0,0,0,0.0
밀수,DUMMY_밀수,20230821,26,0,0,0,0,0.0
밀수,DUMMY_밀수,20230822,27,0,0,0,0,0.0
밀수,DUMMY_밀수,20230823,28,0,0,0,0,0.0
밀수,DUMMY_밀수,20230824,29,0,0,0,0,0.0
밀수,DUMMY_밀수,20230825,30,0,0,0,0,0.0
밀수,DUMMY_밀수,20230826,31,0,0,0,0,0.0
밀수,DUMMY_밀수,20230827,32,0,0,0,0,0.0
밀수,DUMMY_밀수,20230828,33,0,0,0,0,0.0
밀수,DUMMY_밀수,20230829,34,0,0,0,0,0.0
하얼빈,DUMMY_하얼,20241224,0,0,0,0,0,0.0
하얼빈,DUMMY_하얼,20241225,1,0,0,0,0,0.0
하얼빈,DUMMY_하얼,20241226,2,0,0,0,0,0.0
하얼빈,DUMMY_하얼,20241227,3,0,0,0,0,0.0
하얼빈,DUMMY_하얼,20241228,4,0,0,0,0,0.0
하얼빈,DUMMY_하얼,20241229,5,0,0,0,0,0.0
하얼빈,DUMMY_하얼,20241230,6,0,0,0,0,0.0
하얼빈,DUMMY_하얼,20241231,7,0,0,0,0,0.0
하얼빈,DUMMY_하얼,20250101,8,0,0,0,0,0.0
하얼빈,DUMMY_하얼,20250102,9,0,0,0,0,0.0
하얼빈,DUMMY_하얼,20250103,10,0,0,0,0,0.0
하얼빈,DUMMY_하얼,20250104,11,0,0,0,0,0.0
하얼빈,DUMMY_하얼,20250105,12,0,0,0,0,0.0
하얼빈,DUMMY_하얼,20250106,13,0,0,0,0,0.0
하얼빈,DUMMY_하얼,20250107,14,0,0,0,0,0.0
하얼빈,DUMMY_하얼,20250108,15,0,0,0,0,0.0
하얼빈,DUMMY_하얼,20250109,16,0,0,0,0,0.0
하얼빈,DUMMY_하얼,20250110,17,0,0,0,0,0.0
하얼빈,DUMMY_하얼,20250111,18,0,0,0,0,0.0
하얼빈,DUMMY_하얼,20250112,19,0,0,0,0,0.0
하얼빈,DUMMY_하얼,20250113,20,0,0,0,0,0.0
하얼빈,DUMMY_하얼,20250114,21,0,0,0,0,0.0
하얼빈,DUMMY_하얼,20250115,22,0,0,0,0,0.0
하얼빈,DUMMY_하얼,20250116,23,0,0,0,0,0.0
하얼빈,DUMMY_하얼,20250117,24,0,0,0,0,0.0
하얼빈,DUMMY_하얼,20250118,25,0,0,0,0,0.0
하얼빈,DUMMY_하얼,20250119,26,0,0,0,0,0.0
하얼빈,DUMMY_하얼,20250120,27,0,0,0,0,0.0
하얼빈,DUMMY_하얼,20250121,28,0,0,0,0,0.0
하얼빈,DUMMY_하얼,20250122,29,0,0,0,0,0.0
하얼빈,DUMMY_하얼,20250123,30,0,0,0,0,0.0
하얼빈,DUMMY_하얼,20250124,31,0,0,0,0,0.0
하얼빈,DUMMY_하얼,20250125,32,0,0,0,0,0.0
하얼빈,DUMMY_하얼,20250126,33,0,0,0,0,0.0
하얼빈,DUMMY_하얼,20250127,34,0,0,0,0,0.0
노량: 죽음의 바다,DUMMY_노량,20231220,0,0,0,0,0,0.0
노량: 죽음의 바다,DUMMY_노량,20231221,1,0,0,0,0,0.0
노량: 죽음의 바다,DUMMY_노량,20231222,2,0,0,0,0,0.0
노량: 죽음의 바다,DUMMY_노량,20231223,3,0,0,0,0,0.0
노량: 죽음의 바다,DUMMY_노량,20231224,4,0,0,0,0,0.0
노량: 죽음의 바다,DUMMY_노량,20231225,5,0,0,0,0,0.0
노량: 죽음의 바다,DUMMY_노량,20231226,6,0,0,0,0,0.0
노량: 죽음의 바다,DUMMY_노량,20231227,7,0,0,0,0,0.0
노량: 죽음의 바다,DUMMY_노량,20231228,8,0,0,0,0,0.0
노량: 죽음의 바다,DUMMY_노량,20231229,9,0,0,0,0,0.0
노량: 죽음의 바다,DUMMY_노량,20231230,10,0,0,0,0,0.0
노량: 죽음의 바다,DUMMY_노량,20231231,11,0,0,0,0,0.0
노량: 죽음의 바다,DUMMY_노량,20240101,12,0,0,0,0,0.0
노량: 죽음의 바다,DUMMY_노량,20240102,13,0,0,0,0,0.0
노량: 죽음의 바다,DUMMY_노량,20240103,14,0,0,0,0,0.0
노량: 죽음의 바다,DUMMY_노량,20240104,15,0,0,0,0,0.0
노량: 죽음의 바다,DUMMY_노량,20240105,16,0,0,0,0,0.0
노량: 죽음의 바다,DUMMY_노량,20240106,17,0,0,0,0,0.0
노량: 죽음의 바다,DUMMY_노량,20240107,18,0,0,0,0,0.0
노량: 죽음의 바다,DUMMY_노량,20240108,19,0,0,0,0,0.0
노량: 죽음의 바다,DUMMY_노량,20240109,20,0,0,0,0,0.0
노량: 죽음의 바다,DUMMY_노량,20240110,21,0,0,0,0,0.0
노량: 죽음의 바다,DUMMY_노량,20240111,22,0,0,0,0,0.0
노량: 죽음의 바다,DUMMY_노량,20240112,23,0,0,0,0,0.0
노량: 죽음의 바다,DUMMY_노량,20240113,24,0,0,0,0,0.0
노량: 죽음의 바다,DUMMY_노량,20240114,25,0,0,0,0,0.0
노량: 죽음의 바다,DUMMY_노량,20240115,26,0,0,0,0,0.0
노량: 죽음의 바다,DUMMY_노량,20240116,27,0,0,0,0,0.0
노량: 죽음의 바다,DUMMY_노량,20240117,28,0,0,0,0,0.0
노량: 죽음의 바다,DUMMY_노량,20240118,29,0,0,0,0,0.0
노량: 죽음의 바다,DUMMY_노량,20240119,30,0,0,0,0,0.0
노량: 죽음의 바다,DUMMY_노량,20240120,31,0,0,0,0,0.0
노량: 죽음의 바다,DUMMY_노량,20240121,32,0,0,0,0,0.0
노량: 죽음의 바다,DUMMY_노량,20240122,33,0,0,0,0,0.0
노량: 죽음의 바다,DUMMY_노량,20240123,34,0,0,0,0,0.0
엑시트,DUMMY_엑시,20190731,0,0,0,0,0,0.0
엑시트,DUMMY_엑시,20190801,1,0,0,0,0,0.0
엑시트,DUMMY_엑시,20190802,2,0,0,0,0,0.0
엑시트,DUMMY_엑시,20190803,3,0,0,0,0,0.0
엑시트,DUMMY_엑시,20190804,4,0,0,0,0,0.0
엑시트,DUMMY_엑시,20190805,5,0,0,0,0,0.0
엑시트,DUMMY_엑시,20190806,6,0,0,0,0,0.0
엑시트,DUMMY_엑시,20190807,7,0,0,0,0,0.0
엑시트,DUMMY_엑시,20190808,8,0,0,0,0,0.0
엑시트,DUMMY_엑시,20190809,9,0,0,0,0,0.0
엑시트,DUMMY_엑시,20190810,10,0,0,0,0,0.0
엑시트,DUMMY_엑시,20190811,11,0,0,0,0,0.0
엑시트,DUMMY_엑시,20190812,12,0,0,0,0,0.0
엑시트,DUMMY_엑시,20190813,13,0,0,0,0,0.0
엑시트,DUMMY_엑시,20190814,14,0,0,0,0,0.0
엑시트,DUMMY_엑시,20190815,15,0,0,0,0,0.0
엑시트,DUMMY_엑시,20190816,16,0,0,0,0,0.0
엑시트,DUMMY_엑시,20190817,17,0,0,0,0,0.0
엑시트,DUMMY_엑시,20190818,18,0,0,0,0,0.0
엑시트,DUMMY_엑시,20190819,19,0,0,0,0,0.0
엑시트,DUMMY_엑시,20190820,20,0,0,0,0,0.0
엑시트,DUMMY_엑시,20190821,21,0,0,0,0,0.0
엑시트,DUMMY_엑시,20190822,22,0,0,0,0,0.0
엑시트,DUMMY_엑시,20190823,23,0,0,0,0,0.0
엑시트,DUMMY_엑시,20190824,24,0,0,0,0,0.0
엑시트,DUMMY_엑시,20190825,25,0,0,0,0,0.0
엑시트,DUMMY_엑시,20190826,26,0,0,0,0,0.0
엑시트,DUMMY_엑시,20190827,27,0,0,0,0,0.0
엑시트,DUMMY_엑시,20190828,28,0,0,0,0,0.0
엑시트,DUMMY_엑시,20190829,29,0,0,0,0,0.0
엑시트,DUMMY_엑시,20190830,30,0,0,0,0,0.0
엑시트,DUMMY_엑시,20190831,31,0,0,0,0,0.0
엑시트,DUMMY_엑시,20190901,32,0,0,0,0,0.0
엑시트,DUMMY_엑시,20190902,33,0,0,0,0,0.0
엑시트,DUMMY_엑시,20190903,34,0,0,0,0,0.0
백두산,DUMMY_백두,20191219,0,0,0,0,0,0.0
백두산,DUMMY_백두,20191220,1,0,0,0,0,0.0
백두산,DUMMY_백두,20191221,2,0,0,0,0,0.0
백두산,DUMMY_백두,20191222,3,0,0,0,0,0.0
백두산,DUMMY_백두,20191223,4,0,0,0,0,0.0
백두산,DUMMY_백두,20191224,5,0,0,0,0,0.0
백두산,DUMMY_백두,20191225,6,0,0,0,0,0.0
백두산,DUMMY_백두,20191226,7,0,0,0,0,0.0
백두산,DUMMY_백두,20191227,8,0,0,0,0,0.0
백두산,DUMMY_백두,20191228,9,0,0,0,0,0.0
백두산,DUMMY_백두,20191229,10,0,0,0,0,0.0
백두산,DUMMY_백두,20191230,11,0,0,0,0,0.0
백두산,DUMMY_백두,20191231,12,0,0,0,0,0.0
백두산,DUMMY_백두,20200101,13,0,0,0,0,0.0
백두산,DUMMY_백두,20200102,14,0,0,0,0,0.0
백두산,DUMMY_백두,20200103,15,0,0,0,0,0.0
백두산,DUMMY_백두,20200104,16,0,0,0,0,0.0
백두산,DUMMY_백두,20200105,17,0,0,0,0,0.0
백두산,DUMMY_백두,20200106,18,0,0,0,0,0.0
백두산,DUMMY_백두,20200107,19,0,0,0,0,0.0
백두산,DUMMY_백두,20200108,20,0,0,0,0,0.0
백두산,DUMMY_백두,20200109,21,0,0,0,0,0.0
백두산,DUMMY_백두,20200110,22,0,0,0,0,0.0
백두산,DUMMY_백두,20200111,23,0,0,0,0,0.0
백두산,DUMMY_백두,20200112,24,0,0,0,0,0.0
백두산,DUMMY_백두,20200113,25,0,0,0,0,0.0
백두산,DUMMY_백두,20200114,26,0,0,0,0,0.0
백두산,DUMMY_백두,20200115,27,0,0,0,0,0.0
백두산,DUMMY_백두,20200116,28,0,0,0,0,0.0
백두산,DUMMY_백두,20200117,29,0,0,0,0,0.0
백두산,DUMMY_백두,20200118,30,0,0,0,0,0.0
백두산,DUMMY_백두,20200119,31,0,0,0,0,0.0
백두산,DUMMY_백두,20200120,32,0,0,0,0,0.0
백두산,DUMMY_백두,20200121,33,0,0,0,0,0.0
백두산,DUMMY_백두,20200122,34,0,0,0,0,0.0
안시성,DUMMY_안시,20180919,0,0,0,0,0,0.0
안시성,DUMMY_안시,20180920,1,0,0,0,0,0.0
안시성,DUMMY_안시,20180921,2,0,0,0,0,0.0
안시성,DUMMY_안시,20180922,3,0,0,0,0,0.0
안시성,DUMMY_안시,20180923,4,0,0,0,0,0.0
안시성,DUMMY_안시,20180924,5,0,0,0,0,0.0
안시성,DUMMY_안시,20180925,6,0,0,0,0,0.0
안시성,DUMMY_안시,20180926,7,0,0,0,0,0.0
안시성,DUMMY_안시,20180927,8,0,0,0,0,0.0
안시성,DUMMY_안시,20180928,9,0,0,0,0,0.0
안시성,DUMMY_안시,20180929,10,0,0,0,0,0.0
안시성,DUMMY_안시,20180930,11,0,0,0,0,0.0
안시성,DUMMY_안시,20181001,12,0,0,0,0,0.0
안시성,DUMMY_안시,20181002,13,0,0,0,0,0.0
안시성,DUMMY_안시,20181003,14,0,0,0,0,0.0
안시성,DUMMY_안시,20181004,15,0,0,0,0,0.0
안시성,DUMMY_안시,20181005,16,0,0,0,0,0.0
안시성,DUMMY_안시,20181006,17,0,0,0,0,0.0
안시성,DUMMY_안시,20181007,18,0,0,0,0,0.0
안시성,DUMMY_안시,20181008,19,0,0,0,0,0.0
안시성,DUMMY_안시,20181009,20,0,0,0,0,0.0
안시성,DUMMY_안시,20181010,21,0,0,0,0,0.0
안시성,DUMMY_안시,20181011,22,0,0,0,0,0.0
안시성,DUMMY_안시,20181012,23,0,0,0,0,0.0
안시성,DUMMY_안시,20181013,24,0,0,0,0,0.0
안시성,DUMMY_안시,20181014,25,0,0,0,0,0.0
안시성,DUMMY_안시,20181015,26,0,0,0,0,0.0
안시성,DUMMY_안시,20181016,27,0,0,0,0,0.0
안시성,DUMMY_안시,20181017,28,0,0,0,0,0.0
안시성,DUMMY_안시,20181018,29,0,0,0,0,0.0
안시성,DUMMY_안시,20181019,30,0,0,0,0,0.0
안시성,DUMMY_안시,20181020,31,0,0,0,0,0.0
안시성,DUMMY_안시,20181021,32,0,0,0,0,0.0
안시성,DUMMY_안시,20181022,33,0,0,0,0,0.0
안시성,DUMMY_안시,20181023,34,0,0,0,0,0.0
내부자들,DUMMY_내부,20151119,0,0,0,0,0,0.0
내부자들,DUMMY_내부,20151120,1,0,0,0,0,0.0
내부자들,DUMMY_내부,20151121,2,0,0,0,0,0.0
내부자들,DUMMY_내부,20151122,3,0,0,0,0,0.0
내부자들,DUMMY_내부,20151123,4,0,0,0,0,0.0
내부자들,DUMMY_내부,20151124,5,0,0,0,0,0.0
내부자들,DUMMY_내부,20151125,6,0,0,0,0,0.0
내부자들,DUMMY_내부,20151126,7,0,0,0,0,0.0
내부자들,DUMMY_내부,20151127,8,0,0,0,0,0.0
내부자들,DUMMY_내부,20151128,9,0,0,0,0,0.0
내부자들,DUMMY_내부,20151129,10,0,0,0,0,0.0
내부자들,DUMMY_내부,20151130,11,0,0,0,0,0.0
내부자들,DUMMY_내부,20151201,12,0,0,0,0,0.0
내부자들,DUMMY_내부,20151202,13,0,0,0,0,0.0
내부자들,DUMMY_내부,20151203,14,0,0,0,0,0.0
내부자들,DUMMY_내부,20151204,15,0,0,0,0,0.0
내부자들,DUMMY_내부,20151205,16,0,0,0,0,0.0
내부자들,DUMMY_내부,20151206,17,0,0,0,0,0.0
내부자들,DUMMY_내부,20151207,18,0,0,0,0,0.0
내부자들,DUMMY_내부,20151208,19,0,0,0,0,0.0
내부자들,DUMMY_내부,20151209,20,0,0,0,0,0.0
내부자들,DUMMY_내부,20151210,21,0,0,0,0,0.0
내부자들,DUMMY_내부,20151211,22,0,0,0,0,0.0
내부자들,DUMMY_내부,20151212,23,0,0,0,0,0.0
내부자들,DUMMY_내부,20151213,24,0,0,0,0,0.0
내부자들,DUMMY_내부,20151214,25,0,0,0,0,0.0
내부자들,DUMMY_내부,20151215,26,0,0,0,0,0.0
내부자들,DUMMY_내부,20151216,27,0,0,0,0,0.0
내부자들,DUMMY_내부,20151217,28,0,0,0,0,0.0
내부자들,DUMMY_내부,20151218,29,0,0,0,0,0.0
내부자들,DUMMY_내부,20151219,30,0,0,0,0,0.0
내부자들,DUMMY_내부,20151220,31,0,0,0,0,0.0
내부자들,DUMMY_내부,20151221,32,0,0,0,0,0.0
내부자들,DUMMY_내부,20151222,33,0,0,0,0,0.0
내부자들,DUMMY_내부,20151223,34,0,0,0,0,0.0
인천상륙작전,DUMMY_인천,20160727,0,0,0,0,0,0.0
인천상륙작전,DUMMY_인천,20160728,1,0,0,0,0,0.0
인천상륙작전,DUMMY_인천,20160729,2,0,0,0,0,0.0
인천상륙작전,DUMMY_인천,20160730,3,0,0,0,0,0.0
인천상륙작전,DUMMY_인천,20160731,4,0,0,0,0,0.0
인천상륙작전,DUMMY_인천,20160801,5,0,0,0,0,0.0
인천상륙작전,DUMMY_인천,20160802,6,0,0,0,0,0.0
인천상륙작전,DUMMY_인천,20160803,7,0,0,0,0,0.0
인천상륙작전,DUMMY_인천,20160804,8,0,0,0,0,0.0
인천상륙작전,DUMMY_인천,20160805,9,0,0,0,0,0.0
인천상륙작전,DUMMY_인천,20160806,10,0,0,0,0,0.0
인천상륙작전,DUMMY_인천,20160807,11,0,0,0,0,0.0
인천상륙작전,DUMMY_인천,20160808,12,0,0,0,0,0.0
인천상륙작전,DUMMY_인천,20160809,13,0,0,0,0,0.0
인천상륙작전,DUMMY_인천,20160810,14,0,0,0,0,0.0
인천상륙작전,DUMMY_인천,20160811,15,0,0,0,0,0.0
인천상륙작전,DUMMY_인천,20160812,16,0,0,0,0,0.0
인천상륙작전,DUMMY_인천,20160813,17,0,0,0,0,0.0
인천상륙작전,DUMMY_인천,20160814,18,0,0,0,0,0.0
인천상륙작전,DUMMY_인천,20160815,19,0,0,0,0,0.0
인천상륙작전,DUMMY_인천,20160816,20,0,0,0,0,0.0
인천상륙작전,DUMMY_인천,20160817,21,0,0,0,0,0.0
인천상륙작전,DUMMY_인천,20160818,22,0,0,0,0,0.0
인천상륙작전,DUMMY_인천,20160819,23,0,0,0,0,0.0
인천상륙작전,DUMMY_인천,20160820,24,0,0,0,0,0.0
인천상륙작전,DUMMY_인천,20160821,25,0,0,0,0,0.0
인천상륙작전,DUMMY_인천,20160822,26,0,0,0,0,0.0
인천상륙작전,DUMMY_인천,20160823,27,0,0,0,0,0.0
인천상륙작전,DUMMY_인천,20160824,28,0,0,0,0,0.0
인천상륙작전,DUMMY_인천,20160825,29,0,0,0,0,0.0
인천상륙작전,DUMMY_인천,20160826,30,0,0,0,0,0.0
인천상륙작전,DUMMY_인천,20160827,31,0,0,0,0,0.0
인천상륙작전,DUMMY_인천,20160828,32,0,0,0,0,0.0
인천상륙작전,DUMMY_인천,20160829,33,0,0,0,0,0.0
인천상륙작전,DUMMY_인천,20160830,34,0,0,0,0,0.0
마스터,DUMMY_마스,20240101,0,0,0,0,0,0.0
마스터,DUMMY_마스,20240102,1,0,0,0,0,0.0
마스터,DUMMY_마스,20240103,2,0,0,0,0,0.0
마스터,DUMMY_마스,20240104,3,0,0,0,0,0.0
마스터,DUMMY_마스,20240105,4,0,0,0,0,0.0
마스터,DUMMY_마스,20240106,5,0,0,0,0,0.0
마스터,DUMMY_마스,20240107,6,0,0,0,0,0.0
마스터,DUMMY_마스,20240108,7,0,0,0,0,0.0
마스터,DUMMY_마스,20240109,8,0,0,0,0,0.0
마스터,DUMMY_마스,20240110,9,0,0,0,0,0.0
마스터,DUMMY_마스,20240111,10,0,0,0,0,0.0
마스터,DUMMY_마스,20240112,11,0,0,0,0,0.0
마스터,DUMMY_마스,20240113,12,0,0,0,0,0.0
마스터,DUMMY_마스,20240114,13,0,0,0,0,0.0
마스터,DUMMY_마스,20240115,14,0,0,0,0,0.0
마스터,DUMMY_마스,20240116,15,0,0,0,0,0.0
마스터,DUMMY_마스,20240117,16,0,0,0,0,0.0
마스터,DUMMY_마스,20240118,17,0,0,0,0,0.0
마스터,DUMMY_마스,20240119,18,0,0,0,0,0.0
마스터,DUMMY_마스,20240120,19,0,0,0,0,0.0
마스터,DUMMY_마스,20240121,20,0,0,0,0,0.0
마스터,DUMMY_마스,20240122,21,0,0,0,0,0.0
마스터,DUMMY_마스,20240123,22,0,0,0,0,0.0
마스터,DUMMY_마스,20240124,23,0,0,0,0,0.0
마스터,DUMMY_마스,20240125,24,0,0,0,0,0.0
마스터,DUMMY_마스,20240126,25,0,0,0,0,0.0
마스터,DUMMY_마스,20240127,26,0,0,0,0,0.0
마스터,DUMMY_마스,20240128,27,0,0,0,0,0.0
마스터,DUMMY_마스,20240129,28,0,0,0,0,0.0
마스터,DUMMY_마스,20240130,29,0,0,0,0,0.0
마스터,DUMMY_마스,20240131,30,0,0,0,0,0.0
마스터,DUMMY_마스,20240201,31,0,0,0,0,0.0
마스터,DUMMY_마스,20240202,32,0,0,0,0,0.0
마스터,DUMMY_마스,20240203,33,0,0,0,0,0.0
마스터,DUMMY_마스,20240204,34,0,0,0,0,0.0
청년경찰,DUMMY_청년,20170809,0,0,0,0,0,0.0
청년경찰,DUMMY_청년,20170810,1,0,0,0,0,0.0
청년경찰,DUMMY_청년,20170811,2,0,0,0,0,0.0
청년경찰,DUMMY_청년,20170812,3,0,0,0,0,0.0
청년경찰,DUMMY_청년,20170813,4,0,0,0,0,0.0
청년경찰,DUMMY_청년,20170814,5,0,0,0,0,0.0
청년경찰,DUMMY_청년,20170815,6,0,0,0,0,0.0
청년경찰,DUMMY_청년,20170816,7,0,0,0,0,0.0
청년경찰,DUMMY_청년,20170817,8,0,0,0,0,0.0
청년경찰,DUMMY_청년,20170818,9,0,0,0,0,0.0
청년경찰,DUMMY_청년,20170819,10,0,0,0,0,0.0
청년경찰,DUMMY_청년,20170820,11,0,0,0,0,0.0
청년경찰,DUMMY_청년,20170821,12,0,0,0,0,0.0
청년경찰,DUMMY_청년,20170822,13,0,0,0,0,0.0
청년경찰,DUMMY_청년,20170823,14,0,0,0,0,0.0
청년경찰,DUMMY_청년,20170824,15,0,0,0,0,0.0
청년경찰,DUMMY_청년,20170825,16,0,0,0,0,0.0
청년경찰,DUMMY_청년,20170826,17,0,0,0,0,0.0
청년경찰,DUMMY_청년,20170827,18,0,0,0,0,0.0
청년경찰,DUMMY_청년,20170828,19,0,0,0,0,0.0
청년경찰,DUMMY_청년,20170829,20,0,0,0,0,0.0
청년경찰,DUMMY_청년,20170830,21,0,0,0,0,0.0
청년경찰,DUMMY_청년,20170831,22,0,0,0,0,0.0
청년경찰,DUMMY_청년,20170901,23,0,0,0,0,0.0
청년경찰,DUMMY_청년,20170902,24,0,0,0,0,0.0
청년경찰,DUMMY_청년,20170903,25,0,0,0,0,0.0
청년경찰,DUMMY_청년,20170904,26,0,0,0,0,0.0
청년경찰,DUMMY_청년,20170905,27,0,0,0,0,0.0
청년경찰,DUMMY_청년,20170906,28,0,0,0,0,0.0
청년경찰,DUMMY_청년,20170907,29,0,0,0,0,0.0
청년경찰,DUMMY_청년,20170908,30,0,0,0,0,0.0
청년경찰,DUMMY_청년,20170909,31,0,0,0,0,0.0
청년경찰,DUMMY_청년,20170910,32,0,0,0,0,0.0
청년경찰,DUMMY_청년,20170911,33,0,0,0,0,0.0
청년경찰,DUMMY_청년,20170912,34,0,0,0,0,0.0
1987,DUMMY_19,20171227,0,0,0,0,0,0.0
1987,DUMMY_19,20171228,1,0,0,0,0,0.0
1987,DUMMY_19,20171229,2,0,0,0,0,0.0
1987,DUMMY_19,20171230,3,0,0,0,0,0.0
1987,DUMMY_19,20171231,4,0,0,0,0,0.0
1987,DUMMY_19,20180101,5,0,0,0,0,0.0
1987,DUMMY_19,20180102,6,0,0,0,0,0.0
1987,DUMMY_19,20180103,7,0,0,0,0,0.0
1987,DUMMY_19,20180104,8,0,0,0,0,0.0
1987,DUMMY_19,20180105,9,0,0,0,0,0.0
1987,DUMMY_19,20180106,10,0,0,0,0,0.0
1987,DUMMY_19,20180107,11,0,0,0,0,0.0
1987,DUMMY_19,20180108,12,0,0,0,0,0.0
1987,DUMMY_19,20180109,13,0,0,0,0,0.0
1987,DUMMY_19,20180110,14,0,0,0,0,0.0
1987,DUMMY_19,20180111,15,0,0,0,0,0.0
1987,DUMMY_19,20180112,16,0,0,0,0,0.0
1987,DUMMY_19,20180113,17,0,0,0,0,0.0
1987,DUMMY_19,20180114,18,0,0,0,0,0.0
1987,DUMMY_19,20180115,19,0,0,0,0,0.0
1987,DUMMY_19,20180116,20,0,0,0,0,0.0
1987,DUMMY_19,20180117,21,0,0,0,0,0.0
1987,DUMMY_19,20180118,22,0,0,0,0,0.0
1987,DUMMY_19,20180119,23,0,0,0,0,0.0
1987,DUMMY_19,20180120,24,0,0,0,0,0.0
1987,DUMMY_19,20180121,25,0,0,0,0,0.0
1987,DUMMY_19,20180122,26,0,0,0,0,0.0
1987,DUMMY_19,20180123,27,0,0,0,0,0.0
1987,DUMMY_19,20180124,28,0,0,0,0,0.0
1987,DUMMY_19,20180125,29,0,0,0,0,0.0
1987,DUMMY_19,20180126,30,0,0,0,0,0.0
1987,DUMMY_19,20180127,31,0,0,0,0,0.0
1987,DUMMY_19,20180128,32,0,0,0,0,0.0
1987,DUMMY_19,20180129,33,0,0,0,0,0.0
1987,DUMMY_19,20180130,34,0,0,0,0,0.0
완벽한 타인,DUMMY_완벽,20181031,0,0,0,0,0,0.0
완벽한 타인,DUMMY_완벽,20181101,1,0,0,0,0,0.0
완벽한 타인,DUMMY_완벽,20181102,2,0,0,0,0,0.0
완벽한 타인,DUMMY_완벽,20181103,3,0,0,0,0,0.0
완벽한 타인,DUMMY_완벽,20181104,4,0,0,0,0,0.0
완벽한 타인,DUMMY_완벽,20181105,5,0,0,0,0,0.0
완벽한 타인,DUMMY_완벽,20181106,6,0,0,0,0,0.0
완벽한 타인,DUMMY_완벽,20181107,7,0,0,0,0,0.0
완벽한 타인,DUMMY_완벽,20181108,8,0,0,0,0,0.0
완벽한 타인,DUMMY_완벽,20181109,9,0,0,0,0,0.0
완벽한 타인,DUMMY_완벽,20181110,10,0,0,0,0,0.0
완벽한 타인,DUMMY_완벽,20181111,11,0,0,0,0,0.0
완벽한 타인,DUMMY_완벽,20181112,12,0,0,0,0,0.0
완벽한 타인,DUMMY_완벽,20181113,13,0,0,0,0,0.0
완벽한 타인,DUMMY_완벽,20181114,14,0,0,0,0,0.0
완벽한 타인,DUMMY_완벽,20181115,15,0,0,0,0,0.0
완벽한 타인,DUMMY_완벽,20181116,16,0,0,0,0,0.0
완벽한 타인,DUMMY_완벽,20181117,17,0,0,0,0,0.0
완벽한 타인,DUMMY_완벽,20181118,18,0,0,0,0,0.0
완벽한 타인,DUMMY_완벽,20181119,19,0,0,0,0,0.0
완벽한 타인,DUMMY_완벽,20181120,20,0,0,0,0,0.0
완벽한 타인,DUMMY_완벽,20181121,21,0,0,0,0,0.0
완벽한 타인,DUMMY_완벽,20181122,22,0,0,0,0,0.0
완벽한 타인,DUMMY_완벽,20181123,23,0,0,0,0,0.0
완벽한 타인,DUMMY_완벽,20181124,24,0,0,0,0,0.0
완벽한 타인,DUMMY_완벽,20181125,25,0,0,0,0,0.0
완벽한 타인,DUMMY_완벽,20181126,26,0,0,0,0,0.0
완벽한 타인,DUMMY_완벽,20181127,27,0,0,0,0,0.0
완벽한 타인,DUMMY_완벽,20181128,28,0,0,0,0,0.0
완벽한 타인,DUMMY_완벽,20181129,29,0,0,0,0,0.0
완벽한 타인,DUMMY_완벽,20181130,30,0,0,0,0,0.0
완벽한 타인,DUMMY_완벽,20181201,31,0,0,0,0,0.0
완벽한 타인,DUMMY_완벽,20181202,32,0,0,0,0,0.0
완벽한 타인,DUMMY_완벽,20181203,33,0,0,0,0,0.0
완벽한 타인,DUMMY_완벽,20181204,34,0,0,0,0,0.0
독전,DUMMY_독전,20240101,0,0,0,0,0,0.0
독전,DUMMY_독전,20240102,1,0,0,0,0,0.0
독전,DUMMY_독전,20240103,2,0,0,0,0,0.0
독전,DUMMY_독전,20240104,3,0,0,0,0,0.0
독전,DUMMY_독전,20240105,4,0,0,0,0,0.0
독전,DUMMY_독전,20240106,5,0,0,0,0,0.0
독전,DUMMY_독전,20240107,6,0,0,0,0,0.0
독전,DUMMY_독전,20240108,7,0,0,0,0,0.0
독전,DUMMY_독전,20240109,8,0,0,0,0,0.0
독전,DUMMY_독전,20240110,9,0,0,0,0,0.0
독전,DUMMY_독전,20240111,10,0,0,0,0,0.0
독전,DUMMY_독전,20240112,11,0,0,0,0,0.0
독전,DUMMY_독전,20240113,12,0,0,0,0,0.0
독전,DUMMY_독전,20240114,13,0,0,0,0,0.0
독전,DUMMY_독전,20240115,14,0,0,0,0,0.0
독전,DUMMY_독전,20240116,15,0,0,0,0,0.0
독전,DUMMY_독전,20240117,16,0,0,0,0,0.0
독전,DUMMY_독전,20240118,17,0,0,0,0,0.0
독전,DUMMY_독전,20240119,18,0,0,0,0,0.0
독전,DUMMY_독전,20240120,19,0,0,0,0,0.0
독전,DUMMY_독전,20240121,20,0,0,0,0,0.0
독전,DUMMY_독전,20240122,21,0,0,0,0,0.0
독전,DUMMY_독전,20240123,22,0,0,0,0,0.0
독전,DUMMY_독전,20240124,23,0,0,0,0,0.0
독전,DUMMY_독전,20240125,24,0,0,0,0,0.0
독전,DUMMY_독전,20240126,25,0,0,0,0,0.0
독전,DUMMY_독전,20240127,26,0,0,0,0,0.0
독전,DUMMY_독전,20240128,27,0,0,0,0,0.0
독전,DUMMY_독전,20240129,28,0,0,0,0,0.0
독전,DUMMY_독전,20240130,29,0,0,0,0,0.0
독전,DUMMY_독전,20240131,30,0,0,0,0,0.0
독전,DUMMY_독전,20240201,31,0,0,0,0,0.0
독전,DUMMY_독전,20240202,32,0,0,0,0,0.0
독전,DUMMY_독전,20240203,33,0,0,0,0,0.0
독전,DUMMY_독전,20240204,34,0,0,0,0,0.0
강철비,DUMMY_강철,20171214,0,0,0,0,0,0.0
강철비,DUMMY_강철,20171215,1,0,0,0,0,0.0
강철비,DUMMY_강철,20171216,2,0,0,0,0,0.0
강철비,DUMMY_강철,20171217,3,0,0,0,0,0.0
강철비,DUMMY_강철,20171218,4,0,0,0,0,0.0
강철비,DUMMY_강철,20171219,5,0,0,0,0,0.0
강철비,DUMMY_강철,20171220,6,0,0,0,0,0.0
강철비,DUMMY_강철,20171221,7,0,0,0,0,0.0
강철비,DUMMY_강철,20171222,8,0,0,0,0,0.0
강철비,DUMMY_강철,20171223,9,0,0,0,0,0.0
강철비,DUMMY_강철,20171224,10,0,0,0,0,0.0
강철비,DUMMY_강철,20171225,11,0,0,0,0,0.0
강철비,DUMMY_강철,20171226,12,0,0,0,0,0.0
강철비,DUMMY_강철,20171227,13,0,0,0,0,0.0
강철비,DUMMY_강철,20171228,14,0,0,0,0,0.0
강철비,DUMMY_강철,20171229,15,0,0,0,0,0.0
강철비,DUMMY_강철,20171230,16,0,0,0,0,0.0
강철비,DUMMY_강철,20171231,17,0,0,0,0,0.0
강철비,DUMMY_강철,20180101,18,0,0,0,0,0.0
강철비,DUMMY_강철,20180102,19,0,0,0,0,0.0
강철비,DUMMY_강철,20180103,20,0,0,0,0,0.0
강철비,DUMMY_강철,20180104,21,0,0,0,0,0.0
강철비,DUMMY_강철,20180105,22,0,0,0,0,0.0
강철비,DUMMY_강철,20180106,23,0,0,0,0,0.0
강철비,DUMMY_강철,20180107,24,0,0,0,0,0.0
강철비,DUMMY_강철,20180108,25,0,0,0,0,0.0
강철비,DUMMY_강철,20180109,26,0,0,0,0,0.0
강철비,DUMMY_강철,20180110,27,0,0,0,0,0.0
강철비,DUMMY_강철,20180111,28,0,0,0,0,0.0
강철비,DUMMY_강철,20180112,29,0,0,0,0,0.0
강철비,DUMMY_강철,20180113,30,0,0,0,0,0.0
강철비,DUMMY_강철,20180114,31,0,0,0,0,0.0
강철비,DUMMY_강철,20180115,32,0,0,0,0,0.0
강철비,DUMMY_강철,20180116,33,0,0,0,0,0.0
강철비,DUMMY_강철,20180117,34,0,0,0,0,0.0
남한산성,DUMMY_남한,20171003,0,0,0,0,0,0.0
남한산성,DUMMY_남한,20171004,1,0,0,0,0,0.0
남한산성,DUMMY_남한,20171005,2,0,0,0,0,0.0
남한산성,DUMMY_남한,20171006,3,0,0,0,0,0.0
남한산성,DUMMY_남한,20171007,4,0,0,0,0,0.0
남한산성,DUMMY_남한,20171008,5,0,0,0,0,0.0
남한산성,DUMMY_남한,20171009,6,0,0,0,0,0.0
남한산성,DUMMY_남한,20171010,7,0,0,0,0,0.0
남한산성,DUMMY_남한,20171011,8,0,0,0,0,0.0
남한산성,DUMMY_남한,20171012,9,0,0,0,0,0.0
남한산성,DUMMY_남한,20171013,10,0,0,0,0,0.0
남한산성,DUMMY_남한,20171014,11,0,0,0,0,0.0
남한산성,DUMMY_남한,20171015,12,0,0,0,0,0.0
남한산성,DUMMY_남한,20171016,13,0,0,0,0,0.0
남한산성,DUMMY_남한,20171017,14,0,0,0,0,0.0
남한산성,DUMMY_남한,20171018,15,0,0,0,0,0.0
남한산성,DUMMY_남한,20171019,16,0,0,0,0,0.0
남한산성,DUMMY_남한,20171020,17,0,0,0,0,0.0
남한산성,DUMMY_남한,20171021,18,0,0,0,0,0.0
남한산성,DUMMY_남한,20171022,19,0,0,0,0,0.0
남한산성,DUMMY_남한,20171023,20,0,0,0,0,0.0
남한산성,DUMMY_남한,20171024,21,0,0,0,0,0.0
남한산성,DUMMY_남한,20171025,22,0,0,0,0,0.0
남한산성,DUMMY_남한,20171026,23,0,0,0,0,0.0
남한산성,DUMMY_남한,20171027,24,0,0,0,0,0.0
남한산성,DUMMY_남한,20171028,25,0,0,0,0,0.0
남한산성,DUMMY_남한,20171029,26,0,0,0,0,0.0
남한산성,DUMMY_남한,20171030,27,0,0,0,0,0.0
남한산성,DUMMY_남한,20171031,28,0,0,0,0,0.0
남한산성,DUMMY_남한,20171101,29,0,0,0,0,0.0
남한산성,DUMMY_남한,20171102,30,0,0,0,0,0.0
남한산성,DUMMY_남한,20171103,31,0,0,0,0,0.0
남한산성,DUMMY_남한,20171104,32,0,0,0,0,0.0
남한산성,DUMMY_남한,20171105,33,0,0,0,0,0.0
남한산성,DUMMY_남한,20171106,34,0,0,0,0,0.0
꾼,DUMMY_꾼,20171122,0,0,0,0,0,0.0
꾼,DUMMY_꾼,20171123,1,0,0,0,0,0.0
꾼,DUMMY_꾼,20171124,2,0,0,0,0,0.0
꾼,DUMMY_꾼,20171125,3,0,0,0,0,0.0
꾼,DUMMY_꾼,20171126,4,0,0,0,0,0.0
꾼,DUMMY_꾼,20171127,5,0,0,0,0,0.0
꾼,DUMMY_꾼,20171128,6,0,0,0,0,0.0
꾼,DUMMY_꾼,20171129,7,0,0,0,0,0.0
꾼,DUMMY_꾼,20171130,8,0,0,0,0,0.0
꾼,DUMMY_꾼,20171201,9,0,0,0,0,0.0
꾼,DUMMY_꾼,20171202,10,0,0,0,0,0.0
꾼,DUMMY_꾼,20171203,11,0,0,0,0,0.0
꾼,DUMMY_꾼,20171204,12,0,0,0,0,0.0
꾼,DUMMY_꾼,20171205,13,0,0,0,0,0.0
꾼,DUMMY_꾼,20171206,14,0,0,0,0,0.0
꾼,DUMMY_꾼,20171207,15,0,0,0,0,0.0
꾼,DUMMY_꾼,20171208,16,0,0,0,0,0.0
꾼,DUMMY_꾼,20171209,17,0,0,0,0,0.0
꾼,DUMMY_꾼,20171210,18,0,0,0,0,0.0
꾼,DUMMY_꾼,20171211,19,0,0,0,0,0.0
꾼,DUMMY_꾼,20171212,20,0,0,0,0,0.0
꾼,DUMMY_꾼,20171213,21,0,0,0,0,0.0
꾼,DUMMY_꾼,20171214,22,0,0,0,0,0.0
꾼,DUMMY_꾼,20171215,23,0,0,0,0,0.0
꾼,DUMMY_꾼,20171216,24,0,0,0,0,0.0
꾼,DUMMY_꾼,20171217,25,0,0,0,0,0.0
꾼,DUMMY_꾼,20171218,26,0,0,0,0,0.0
꾼,DUMMY_꾼,20171219,27,0,0,0,0,0.0
꾼,DUMMY_꾼,20171220,28,0,0,0,0,0.0
꾼,DUMMY_꾼,20171221,29,0,0,0,0,0.0
꾼,DUMMY_꾼,20171222,30,0,0,0,0,0.0
꾼,DUMMY_꾼,20171223,31,0,0,0,0,0.0
꾼,DUMMY_꾼,20171224,32,0,0,0,0,0.0
꾼,DUMMY_꾼,20171225,33,0,0,0,0,0.0
꾼,DUMMY_꾼,20171226,34,0,0,0,0,0.0
히말라야,DUMMY_히말,20151216,0,0,0,0,0,0.0
히말라야,DUMMY_히말,20151217,1,0,0,0,0,0.0
히말라야,DUMMY_히말,20151218,2,0,0,0,0,0.0
히말라야,DUMMY_히말,20151219,3,0,0,0,0,0.0
히말라야,DUMMY_히말,20151220,4,0,0,0,0,0.0
히말라야,DUMMY_히말,20151221,5,0,0,0,0,0.0
히말라야,DUMMY_히말,20151222,6,0,0,0,0,0.0
히말라야,DUMMY_히말,20151223,7,0,0,0,0,0.0
히말라야,DUMMY_히말,20151224,8,0,0,0,0,0.0
히말라야,DUMMY_히말,20151225,9,0,0,0,0,0.0
히말라야,DUMMY_히말,20151226,10,0,0,0,0,0.0
히말라야,DUMMY_히말,20151227,11,0,0,0,0,0.0
히말라야,DUMMY_히말,20151228,12,0,0,0,0,0.0
히말라야,DUMMY_히말,20151229,13,0,0,0,0,0.0
히말라야,DUMMY_히말,20151230,14,0,0,0,0,0.0
히말라야,DUMMY_히말,20151231,15,0,0,0,0,0.0
히말라야,DUMMY_히말,20160101,16,0,0,0,0,0.0
히말라야,DUMMY_히말,20160102,17,0,0,0,0,0.0
히말라야,DUMMY_히말,20160103,18,0,0,0,0,0.0
히말라야,DUMMY_히말,20160104,19,0,0,0,0,0.0
히말라야,DUMMY_히말,20160105,20,0,0,0,0,0.0
히말라야,DUMMY_히말,20160106,21,0,0,0,0,0.0
히말라야,DUMMY_히말,20160107,22,0,0,0,0,0.0
히말라야,DUMMY_히말,20160108,23,0,0,0,0,0.0
히말라야,DUMMY_히말,20160109,24,0,0,0,0,0.0
히말라야,DUMMY_히말,20160110,25,0,0,0,0,0.0
히말라야,DUMMY_히말,20160111,26,0,0,0,0,0.0
히말라야,DUMMY_히말,20160112,27,0,0,0,0,0.0
히말라야,DUMMY_히말,20160113,28,0,0,0,0,0.0
히말라야,DUMMY_히말,20160114,29,0,0,0,0,0.0
히말라야,DUMMY_히말,20160115,30,0,0,0,0,0.0
히말라야,DUMMY_히말,20160116,31,0,0,0,0,0.0
히말라야,DUMMY_히말,20160117,32,0,0,0,0,0.0
히말라야,DUMMY_히말,20160118,33,0,0,0,0,0.0
히말라야,DUMMY_히말,20160119,34,0,0,0,0,0.0
모가디슈,DUMMY_모가,20210728,0,0,0,0,0,0.0
모가디슈,DUMMY_모가,20210729,1,0,0,0,0,0.0
모가디슈,DUMMY_모가,20210730,2,0,0,0,0,0.0
모가디슈,DUMMY_모가,20210731,3,0,0,0,0,0.0
모가디슈,DUMMY_모가,20210801,4,0,0,0,0,0.0
모가디슈,DUMMY_모가,20210802,5,0,0,0,0,0.0
모가디슈,DUMMY_모가,20210803,6,0,0,0,0,0.0
모가디슈,DUMMY_모가,20210804,7,0,0,0,0,0.0
모가디슈,DUMMY_모가,20210805,8,0,0,0,0,0.0
모가디슈,DUMMY_모가,20210806,9,0,0,0,0,0.0
모가디슈,DUMMY_모가,20210807,10,0,0,0,0,0.0
모가디슈,DUMMY_모가,20210808,11,0,0,0,0,0.0
모가디슈,DUMMY_모가,20210809,12,0,0,0,0,0.0
모가디슈,DUMMY_모가,20210810,13,0,0,0,0,0.0
모가디슈,DUMMY_모가,20210811,14,0,0,0,0,0.0
모가디슈,DUMMY_모가,20210812,15,0,0,0,0,0.0
모가디슈,DUMMY_모가,20210813,16,0,0,0,0,0.0
모가디슈,DUMMY_모가,20210814,17,0,0,0,0,0.0
모가디슈,DUMMY_모가,20210815,18,0,0,0,0,0.0
모가디슈,DUMMY_모가,20210816,19,0,0,0,0,0.0
모가디슈,DUMMY_모가,20210817,20,0,0,0,0,0.0
모가디슈,DUMMY_모가,20210818,21,0,0,0,0,0.0
모가디슈,DUMMY_모가,20210819,22,0,0,0,0,0.0
모가디슈,DUMMY_모가,20210820,23,0,0,0,0,0.0
모가디슈,DUMMY_모가,20210821,24,0,0,0,0,0.0
모가디슈,DUMMY_모가,20210822,25,0,0,0,0,0.0
모가디슈,DUMMY_모가,20210823,26,0,0,0,0,0.0
모가디슈,DUMMY_모가,20210824,27,0,0,0,0,0.0
모가디슈,DUMMY_모가,20210825,28,0,0,0,0,0.0
모가디슈,DUMMY_모가,20210826,29,0,0,0,0,0.0
모가디슈,DUMMY_모가,20210827,30,0,0,0,0,0.0
모가디슈,DUMMY_모가,20210828,31,0,0,0,0,0.0
모가디슈,DUMMY_모가,20210829,32,0,0,0,0,0.0
모가디슈,DUMMY_모가,20210830,33,0,0,0,0,0.0
모가디슈,DUMMY_모가,20210831,34,0,0,0,0,0.0
싱크홀,DUMMY_싱크,20210811,0,0,0,0,0,0.0
싱크홀,DUMMY_싱크,20210812,1,0,0,0,0,0.0
싱크홀,DUMMY_싱크,20210813,2,0,0,0,0,0.0
싱크홀,DUMMY_싱크,20210814,3,0,0,0,0,0.0
싱크홀,DUMMY_싱크,20210815,4,0,0,0,0,0.0
싱크홀,DUMMY_싱크,20210816,5,0,0,0,0,0.0
싱크홀,DUMMY_싱크,20210817,6,0,0,0,0,0.0
싱크홀,DUMMY_싱크,20210818,7,0,0,0,0,0.0
싱크홀,DUMMY_싱크,20210819,8,0,0,0,0,0.0
싱크홀,DUMMY_싱크,20210820,9,0,0,0,0,0.0
싱크홀,DUMMY_싱크,20210821,10,0,0,0,0,0.0
싱크홀,DUMMY_싱크,20210822,11,0,0,0,0,0.0
싱크홀,DUMMY_싱크,20210823,12,0,0,0,0,0.0
싱크홀,DUMMY_싱크,20210824,13,0,0,0,0,0.0
싱크홀,DUMMY_싱크,20210825,14,0,0,0,0,0.0
싱크홀,DUMMY_싱크,20210826,15,0,0,0,0,0.0
싱크홀,DUMMY_싱크,20210827,16,0,0,0,0,0.0
싱크홀,DUMMY_싱크,20210828,17,0,0,0,0,0.0
싱크홀,DUMMY_싱크,20210829,18,0,0,0,0,0.0
싱크홀,DUMMY_싱크,20210830,19,0,0,0,0,0.0
싱크홀,DUMMY_싱크,20210831,20,0,0,0,0,0.0
싱크홀,DUMMY_싱크,20210901,21,0,0,0,0,0.0
싱크홀,DUMMY_싱크,20210902,22,0,0,0,0,0.0
싱크홀,DUMMY_싱크,20210903,23,0,0,0,0,0.0
싱크홀,DUMMY_싱크,20210904,24,0,0,0,0,0.0
싱크홀,DUMMY_싱크,20210905,25,0,0,0,0,0.0
싱크홀,DUMMY_싱크,20210906,26,0,0,0,0,0.0
싱크홀,DUMMY_싱크,20210907,27,0,0,0,0,0.0
싱크홀,DUMMY_싱크,20210908,28,0,0,0,0,0.0
싱크홀,DUMMY_싱크,20210909,29,0,0,0,0,0.0
싱크홀,DUMMY_싱크,20210910,30,0,0,0,0,0.0
싱크홀,DUMMY_싱크,20210911,31,0,0,0,0,0.0
싱크홀,DUMMY_싱크,20210912,32,0,0,0,0,0.0
싱크홀,DUMMY_싱크,20210913,33,0,0,0,0,0.0
싱크홀,DUMMY_싱크,20210914,34,0,0,0,0,0.0
헌트,DUMMY_헌트,20220810,0,0,0,0,0,0.0
헌트,DUMMY_헌트,20220811,1,0,0,0,0,0.0
헌트,DUMMY_헌트,20220812,2,0,0,0,0,0.0
헌트,DUMMY_헌트,20220813,3,0,0,0,0,0.0
헌트,DUMMY_헌트,20220814,4,0,0,0,0,0.0
헌트,DUMMY_헌트,20220815,5,0,0,0,0,0.0
헌트,DUMMY_헌트,20220816,6,0,0,0,0,0.0
헌트,DUMMY_헌트,20220817,7,0,0,0,0,0.0
헌트,DUMMY_헌트,20220818,8,0,0,0,0,0.0
헌트,DUMMY_헌트,20220819,9,0,0,0,0,0.0
헌트,DUMMY_헌트,20220820,10,0,0,0,0,0.0
헌트,DUMMY_헌트,20220821,11,0,0,0,0,0.0
헌트,DUMMY_헌트,20220822,12,0,0,0,0,0.0
헌트,DUMMY_헌트,20220823,13,0,0,0,0,0.0
헌트,DUMMY_헌트,20220824,14,0,0,0,0,0.0
헌트,DUMMY_헌트,20220825,15,0,0,0,0,0.0
헌트,DUMMY_헌트,20220826,16,0,0,0,0,0.0
헌트,DUMMY_헌트,20220827,17,0,0,0,0,0.0
헌트,DUMMY_헌트,20220828,18,0,0,0,0,0.0
헌트,DUMMY_헌트,20220829,19,0,0,0,0,0.0
헌트,DUMMY_헌트,20220830,20,0,0,0,0,0.0
헌트,DUMMY_헌트,20220831,21,0,0,0,0,0.0
헌트,DUMMY_헌트,20220901,22,0,0,0,0,0.0
헌트,DUMMY_헌트,20220902,23,0,0,0,0,0.0
헌트,DUMMY_헌트,20220903,24,0,0,0,0,0.0
헌트,DUMMY_헌트,20220904,25,0,0,0,0,0.0
헌트,DUMMY_헌트,20220905,26,0,0,0,0,0.0
헌트,DUMMY_헌트,20220906,27,0,0,0,0,0.0
헌트,DUMMY_헌트,20220907,28,0,0,0,0,0.0
헌트,DUMMY_헌트,20220908,29,0,0,0,0,0.0
헌트,DUMMY_헌트,20220909,30,0,0,0,0,0.0
헌트,DUMMY_헌트,20220910,31,0,0,0,0,0.0
헌트,DUMMY_헌트,20220911,32,0,0,0,0,0.0
헌트,DUMMY_헌트,20220912,33,0,0,0,0,0.0
헌트,DUMMY_헌트,20220913,34,0,0,0,0,0.0
올빼미,DUMMY_올빼,20221123,0,0,0,0,0,0.0
올빼미,DUMMY_올빼,20221124,1,0,0,0,0,0.0
올빼미,DUMMY_올빼,20221125,2,0,0,0,0,0.0
올빼미,DUMMY_올빼,20221126,3,0,0,0,0,0.0
올빼미,DUMMY_올빼,20221127,4,0,0,0,0,0.0
올빼미,DUMMY_올빼,20221128,5,0,0,0,0,0.0
올빼미,DUMMY_올빼,20221129,6,0,0,0,0,0.0
올빼미,DUMMY_올빼,20221130,7,0,0,0,0,0.0
올빼미,DUMMY_올빼,20221201,8,0,0,0,0,0.0
올빼미,DUMMY_올빼,20221202,9,0,0,0,0,0.0
올빼미,DUMMY_올빼,20221203,10,0,0,0,0,0.0
올빼미,DUMMY_올빼,20221204,11,0,0,0,0,0.0
올빼미,DUMMY_올빼,20221205,12,0,0,0,0,0.0
올빼미,DUMMY_올빼,20221206,13,0,0,0,0,0.0
올빼미,DUMMY_올빼,20221207,14,0,0,0,0,0.0
올빼미,DUMMY_올빼,20221208,15,0,0,0,0,0.0
올빼미,DUMMY_올빼,20221209,16,0,0,0,0,0.0
올빼미,DUMMY_올빼,20221210,17,0,0,0,0,0.0
올빼미,DUMMY_올빼,20221211,18,0,0,0,0,0.0
올빼미,DUMMY_올빼,20221212,19,0,0,0,0,0.0
올빼미,DUMMY_올빼,20221213,20,0,0,0,0,0.0
올빼미,DUMMY_올빼,20221214,21,0,0,0,0,0.0
올빼미,DUMMY_올빼,20221215,22,0,0,0,0,0.0
올빼미,DUMMY_올빼,20221216,23,0,0,0,0,0.0
올빼미,DUMMY_올빼,20221217,24,0,0,0,0,0.0
올빼미,DUMMY_올빼,20221218,25,0,0,0,0,0.0
올빼미,DUMMY_올빼,20221219,26,0,0,0,0,0.0
올빼미,DUMMY_올빼,20221220,27,0,0,0,0,0.0
올빼미,DUMMY_올빼,20221221,28,0,0,0,0,0.0
올빼미,DUMMY_올빼,20221222,29,0,0,0,0,0.0
올빼미,DUMMY_올빼,20221223,30,0,0,0,0,0.0
올빼미,DUMMY_올빼,20221224,31,0,0,0,0,0.0
올빼미,DUMMY_올빼,20221225,32,0,0,0,0,0.0
올빼미,DUMMY_올빼,20221226,33,0,0,0,0,0.0
올빼미,DUMMY_올빼,20221227,34,0,0,0,0,0.0
영웅,DUMMY_영웅,20221221,0,0,0,0,0,0.0
영웅,DUMMY_영웅,20221222,1,0,0,0,0,0.0
영웅,DUMMY_영웅,20221223,2,0,0,0,0,0.0
영웅,DUMMY_영웅,20221224,3,0,0,0,0,0.0
영웅,DUMMY_영웅,20221225,4,0,0,0,0,0.0
영웅,DUMMY_영웅,20221226,5,0,0,0,0,0.0
영웅,DUMMY_영웅,20221227,6,0,0,0,0,0.0
영웅,DUMMY_영웅,20221228,7,0,0,0,0,0.0
영웅,DUMMY_영웅,20221229,8,0,0,0,0,0.0
영웅,DUMMY_영웅,20221230,9,0,0,0,0,0.0
영웅,DUMMY_영웅,20221231,10,0,0,0,0,0.0
영웅,DUMMY_영웅,20230101,11,0,0,0,0,0.0
영웅,DUMMY_영웅,20230102,12,0,0,0,0,0.0
영웅,DUMMY_영웅,20230103,13,0,0,0,0,0.0
영웅,DUMMY_영웅,20230104,14,0,0,0,0,0.0
영웅,DUMMY_영웅,20230105,15,0,0,0,0,0.0
영웅,DUMMY_영웅,20230106,16,0,0,0,0,0.0
영웅,DUMMY_영웅,20230107,17,0,0,0,0,0.0
영웅,DUMMY_영웅,20230108,18,0,0,0,0,0.0
영웅,DUMMY_영웅,20230109,19,0,0,0,0,0.0
영웅,DUMMY_영웅,20230110,20,0,0,0,0,0.0
영웅,DUMMY_영웅,20230111,21,0,0,0,0,0.0
영웅,DUMMY_영웅,20230112,22,0,0,0,0,0.0
영웅,DUMMY_영웅,20230113,23,0,0,0,0,0.0
영웅,DUMMY_영웅,20230114,24,0,0,0,0,0.0
영웅,DUMMY_영웅,20230115,25,0,0,0,0,0.0
영웅,DUMMY_영웅,20230116,26,0,0,0,0,0.0
영웅,DUMMY_영웅,20230117,27,0,0,0,0,0.0
영웅,DUMMY_영웅,20230118,28,0,0,0,0,0.0
영웅,DUMMY_영웅,20230119,29,0,0,0,0,0.0
영웅,DUMMY_영웅,20230120,30,0,0,0,0,0.0
영웅,DUMMY_영웅,20230121,31,0,0,0,0,0.0
영웅,DUMMY_영웅,20230122,32,0,0,0,0,0.0
영웅,DUMMY_영웅,20230123,33,0,0,0,0,0.0
영웅,DUMMY_영웅,20230124,34,0,0,0,0,0.0
콘크리트 유토피아,DUMMY_콘크,20230809,0,0,0,0,0,0.0
콘크리트 유토피아,DUMMY_콘크,20230810,1,0,0,0,0,0.0
콘크리트 유토피아,DUMMY_콘크,20230811,2,0,0,0,0,0.0
콘크리트 유토피아,DUMMY_콘크,20230812,3,0,0,0,0,0.0
콘크리트 유토피아,DUMMY_콘크,20230813,4,0,0,0,0,0.0
콘크리트 유토피아,DUMMY_콘크,20230814,5,0,0,0,0,0.0
콘크리트 유토피아,DUMMY_콘크,20230815,6,0,0,0,0,0.0
콘크리트 유토피아,DUMMY_콘크,20230816,7,0,0,0,0,0.0
콘크리트 유토피아,DUMMY_콘크,20230817,8,0,0,0,0,0.0
콘크리트 유토피아,DUMMY_콘크,20230818,9,0,0,0,0,0.0
콘크리트 유토피아,DUMMY_콘크,20230819,10,0,0,0,0,0.0
콘크리트 유토피아,DUMMY_콘크,20230820,11,0,0,0,0,0.0
콘크리트 유토피아,DUMMY_콘크,20230821,12,0,0,0,0,0.0
콘크리트 유토피아,DUMMY_콘크,20230822,13,0,0,0,0,0.0
콘크리트 유토피아,DUMMY_콘크,20230823,14,0,0,0,0,0.0
콘크리트 유토피아,DUMMY_콘크,20230824,15,0,0,0,0,0.0
콘크리트 유토피아,DUMMY_콘크,20230825,16,0,0,0,0,0.0
콘크리트 유토피아,DUMMY_콘크,20230826,17,0,0,0,0,0.0
콘크리트 유토피아,DUMMY_콘크,20230827,18,0,0,0,0,0.0
콘크리트 유토피아,DUMMY_콘크,20230828,19,0,0,0,0,0.0
콘크리트 유토피아,DUMMY_콘크,20230829,20,0,0,0,0,0.0
콘크리트 유토피아,DUMMY_콘크,20230830,21,0,0,0,0,0.0
콘크리트 유토피아,DUMMY_콘크,20230831,22,0,0,0,0,0.0
콘크리트 유토피아,DUMMY_콘크,20230901,23,0,0,0,0,0.0
콘크리트 유토피아,DUMMY_콘크,20230902,24,0,0,0,0,0.0
콘크리트 유토피아,DUMMY_콘크,20230903,25,0,0,0,0,0.0
콘크리트 유토피아,DUMMY_콘크,20230904,26,0,0,0,0,0.0
콘크리트 유토피아,DUMMY_콘크,20230905,27,0,0,0,0,0.0
콘크리트 유토피아,DUMMY_콘크,20230906,28,0,0,0,0,0.0
콘크리트 유토피아,DUMMY_콘크,20230907,29,0,0,0,0,0.0
콘크리트 유토피아,DUMMY_콘크,20230908,30,0,0,0,0,0.0
콘크리트 유토피아,DUMMY_콘크,20230909,31,0,0,0,0,0.0
콘크리트 유토피아,DUMMY_콘크,20230910,32,0,0,0,0,0.0
콘크리트 유토피아,DUMMY_콘크,20230911,33,0,0,0,0,0.0
콘크리트 유토피아,DUMMY_콘크,20230912,34,0,0,0,0,0.0
파일럿,DUMMY_파일,20240731,0,0,0,0,0,0.0
파일럿,DUMMY_파일,20240801,1,0,0,0,0,0.0
파일럿,DUMMY_파일,20240802,2,0,0,0,0,0.0
파일럿,DUMMY_파일,20240803,3,0,0,0,0,0.0
파일럿,DUMMY_파일,20240804,4,0,0,0,0,0.0
파일럿,DUMMY_파일,20240805,5,0,0,0,0,0.0
파일럿,DUMMY_파일,20240806,6,0,0,0,0,0.0
파일럿,DUMMY_파일,20240807,7,0,0,0,0,0.0
파일럿,DUMMY_파일,20240808,8,0,0,0,0,0.0
파일럿,DUMMY_파일,20240809,9,0,0,0,0,0.0
파일럿,DUMMY_파일,20240810,10,0,0,0,0,0.0
파일럿,DUMMY_파일,20240811,11,0,0,0,0,0.0
파일럿,DUMMY_파일,20240812,12,0,0,0,0,0.0
파일럿,DUMMY_파일,20240813,13,0,0,0,0,0.0
파일럿,DUMMY_파일,20240814,14,0,0,0,0,0.0
파일럿,DUMMY_파일,20240815,15,0,0,0,0,0.0
파일럿,DUMMY_파일,20240816,16,0,0,0,0,0.0
파일럿,DUMMY_파일,20240817,17,0,0,0,0,0.0
파일럿,DUMMY_파일,20240818,18,0,0,0,0,0.0
파일럿,DUMMY_파일,20240819,19,0,0,0,0,0.0
파일럿,DUMMY_파일,20240820,20,0,0,0,0,0.0
파일럿,DUMMY_파일,20240821,21,0,0,0,0,0.0
파일럿,DUMMY_파일,20240822,22,0,0,0,0,0.0
파일럿,DUMMY_파일,20240823,23,0,0,0,0,0.0
파일럿,DUMMY_파일,20240824,24,0,0,0,0,0.0
파일럿,DUMMY_파일,20240825,25,0,0,0,0,0.0
파일럿,DUMMY_파일,20240826,26,0,0,0,0,0.0
파일럿,DUMMY_파일,20240827,27,0,0,0,0,0.0
파일럿,DUMMY_파일,20240828,28,0,0,0,0,0.0
파일럿,DUMMY_파일,20240829,29,0,0,0,0,0.0
파일럿,DUMMY_파일,20240830,30,0,0,0,0,0.0
파일럿,DUMMY_파일,20240831,31,0,0,0,0,0.0
파일럿,DUMMY_파일,20240901,32,0,0,0,0,0.0
파일럿,DUMMY_파일,20240902,33,0,0,0,0,0.0
파일럿,DUMMY_파일,20240903,34,0,0,0,0,0.0
탈주,DUMMY_탈주,20240703,0,0,0,0,0,0.0
탈주,DUMMY_탈주,20240704,1,0,0,0,0,0.0
탈주,DUMMY_탈주,20240705,2,0,0,0,0,0.0
탈주,DUMMY_탈주,20240706,3,0,0,0,0,0.0
탈주,DUMMY_탈주,20240707,4,0,0,0,0,0.0
탈주,DUMMY_탈주,20240708,5,0,0,0,0,0.0
탈주,DUMMY_탈주,20240709,6,0,0,0,0,0.0
탈주,DUMMY_탈주,20240710,7,0,0,0,0,0.0
탈주,DUMMY_탈주,20240711,8,0,0,0,0,0.0
탈주,DUMMY_탈주,20240712,9,0,0,0,0,0.0
탈주,DUMMY_탈주,20240713,10,0,0,0,0,0.0
탈주,DUMMY_탈주,20240714,11,0,0,0,0,0.0
탈주,DUMMY_탈주,20240715,12,0,0,0,0,0.0
탈주,DUMMY_탈주,20240716,13,0,0,0,0,0.0
탈주,DUMMY_탈주,20240717,14,0,0,0,0,0.0
탈주,DUMMY_탈주,20240718,15,0,0,0,0,0.0
탈주,DUMMY_탈주,20240719,16,0,0,0,0,0.0
탈주,DUMMY_탈주,20240720,17,0,0,0,0,0.0
탈주,DUMMY_탈주,20240721,18,0,0,0,0,0.0
탈주,DUMMY_탈주,20240722,19,0,0,0,0,0.0
탈주,DUMMY_탈주,20240723,20,0,0,0,0,0.0
탈주,DUMMY_탈주,20240724,21,0,0,0,0,0.0
탈주,DUMMY_탈주,20240725,22,0,0,0,0,0.0
탈주,DUMMY_탈주,20240726,23,0,0,0,0,0.0
탈주,DUMMY_탈주,20240727,24,0,0,0,0,0.0
탈주,DUMMY_탈주,20240728,25,0,0,0,0,0.0
탈주,DUMMY_탈주,20240729,26,0,0,0,0,0.0
탈주,DUMMY_탈주,20240730,27,0,0,0,0,0.0
탈주,DUMMY_탈주,20240731,28,0,0,0,0,0.0
탈주,DUMMY_탈주,20240801,29,0,0,0,0,0.0
탈주,DUMMY_탈주,20240802,30,0,0,0,0,0.0
탈주,DUMMY_탈주,20240803,31,0,0,0,0,0.0
탈주,DUMMY_탈주,20240804,32,0,0,0,0,0.0
탈주,DUMMY_탈주,20240805,33,0,0,0,0,0.0
탈주,DUMMY_탈주,20240806,34,0,0,0,0,0.0
교섭,DUMMY_교섭,20230118,0,0,0,0,0,0.0
교섭,DUMMY_교섭,20230119,1,0,0,0,0,0.0
교섭,DUMMY_교섭,20230120,2,0,0,0,0,0.0
교섭,DUMMY_교섭,20230121,3,0,0,0,0,0.0
교섭,DUMMY_교섭,20230122,4,0,0,0,0,0.0
교섭,DUMMY_교섭,20230123,5,0,0,0,0,0.0
교섭,DUMMY_교섭,20230124,6,0,0,0,0,0.0
교섭,DUMMY_교섭,20230125,7,0,0,0,0,0.0
교섭,DUMMY_교섭,20230126,8,0,0,0,0,0.0
교섭,DUMMY_교섭,20230127,9,0,0,0,0,0.0
교섭,DUMMY_교섭,20230128,10,0,0,0,0,0.0
교섭,DUMMY_교섭,20230129,11,0,0,0,0,0.0
교섭,DUMMY_교섭,20230130,12,0,0,0,0,0.0
교섭,DUMMY_교섭,20230131,13,0,0,0,0,0.0
교섭,DUMMY_교섭,20230201,14,0,0,0,0,0.0
교섭,DUMMY_교섭,20230202,15,0,0,0,0,0.0
교섭,DUMMY_교섭,20230203,16,0,0,0,0,0.0
교섭,DUMMY_교섭,20230204,17,0,0,0,0,0.0
교섭,DUMMY_교섭,20230205,18,0,0,0,0,0.0
교섭,DUMMY_교섭,20230206,19,0,0,0,0,0.0
교섭,DUMMY_교섭,20230207,20,0,0,0,0,0.0
교섭,DUMMY_교섭,20230208,21,0,0,0,0,0.0
교섭,DUMMY_교섭,20230209,22,0,0,0,0,0.0
교섭,DUMMY_교섭,20230210,23,0,0,0,0,0.0
교섭,DUMMY_교섭,20230211,24,0,0,0,0,0.0
교섭,DUMMY_교섭,20230212,25,0,0,0,0,0.0
교섭,DUMMY_교섭,20230213,26,0,0,0,0,0.0
교섭,DUMMY_교섭,20230214,27,0,0,0,0,0.0
교섭,DUMMY_교섭,20230215,28,0,0,0,0,0.0
교섭,DUMMY_교섭,20230216,29,0,0,0,0,0.0
교섭,DUMMY_교섭,20230217,30,0,0,0,0,0.0
교섭,DUMMY_교섭,20230218,31,0,0,0,0,0.0
교섭,DUMMY_교섭,20230219,32,0,0,0,0,0.0
교섭,DUMMY_교섭,20230220,33,0,0,0,0,0.0
교섭,DUMMY_교섭,20230221,34,0,0,0,0,0.0
핸섬가이즈,DUMMY_핸섬,20240626,0,0,0,0,0,0.0
핸섬가이즈,DUMMY_핸섬,20240627,1,0,0,0,0,0.0
핸섬가이즈,DUMMY_핸섬,20240628,2,0,0,0,0,0.0
핸섬가이즈,DUMMY_핸섬,20240629,3,0,0,0,0,0.0
핸섬가이즈,DUMMY_핸섬,20240630,4,0,0,0,0,0.0
핸섬가이즈,DUMMY_핸섬,20240701,5,0,0,0,0,0.0
핸섬가이즈,DUMMY_핸섬,20240702,6,0,0,0,0,0.0
핸섬가이즈,DUMMY_핸섬,20240703,7,0,0,0,0,0.0
핸섬가이즈,DUMMY_핸섬,20240704,8,0,0,0,0,0.0
핸섬가이즈,DUMMY_핸섬,20240705,9,0,0,0,0,0.0
핸섬가이즈,DUMMY_핸섬,20240706,10,0,0,0,0,0.0
핸섬가이즈,DUMMY_핸섬,20240707,11,0,0,0,0,0.0
핸섬가이즈,DUMMY_핸섬,20240708,12,0,0,0,0,0.0
핸섬가이즈,DUMMY_핸섬,20240709,13,0,0,0,0,0.0
핸섬가이즈,DUMMY_핸섬,20240710,14,0,0,0,0,0.0
핸섬가이즈,DUMMY_핸섬,20240711,15,0,0,0,0,0.0
핸섬가이즈,DUMMY_핸섬,20240712,16,0,0,0,0,0.0
핸섬가이즈,DUMMY_핸섬,20240713,17,0,0,0,0,0.0
핸섬가이즈,DUMMY_핸섬,20240714,18,0,0,0,0,0.0
핸섬가이즈,DUMMY_핸섬,20240715,19,0,0,0,0,0.0
핸섬가이즈,DUMMY_핸섬,20240716,20,0,0,0,0,0.0
핸섬가이즈,DUMMY_핸섬,20240717,21,0,0,0,0,0.0
핸섬가이즈,DUMMY_핸섬,20240718,22,0,0,0,0,0.0
핸섬가이즈,DUMMY_핸섬,20240719,23,0,0,0,0,0.0
핸섬가이즈,DUMMY_핸섬,20240720,24,0,0,0,0,0.0
핸섬가이즈,DUMMY_핸섬,20240721,25,0,0,0,0,0.0
핸섬가이즈,DUMMY_핸섬,20240722,26,0,0,0,0,0.0
핸섬가이즈,DUMMY_핸섬,20240723,27,0,0,0,0,0.0
핸섬가이즈,DUMMY_핸섬,20240724,28,0,0,0,0,0.0
핸섬가이즈,DUMMY_핸섬,20240725,29,0,0,0,0,0.0
핸섬가이즈,DUMMY_핸섬,20240726,30,0,0,0,0,0.0
핸섬가이즈,DUMMY_핸섬,20240727,31,0,0,0,0,0.0
핸섬가이즈,DUMMY_핸섬,20240728,32,0,0,0,0,0.0
핸섬가이즈,DUMMY_핸섬,20240729,33,0,0,0,0,0.0
핸섬가이즈,DUMMY_핸섬,20240730,34,0,0,0,0,0.0
인질,DUMMY_인질,20210818,0,0,0,0,0,0.0
인질,DUMMY_인질,20210819,1,0,0,0,0,0.0
인질,DUMMY_인질,20210820,2,0,0,0,0,0.0
인질,DUMMY_인질,20210821,3,0,0,0,0,0.0
인질,DUMMY_인질,20210822,4,0,0,0,0,0.0
인질,DUMMY_인질,20210823,5,0,0,0,0,0.0
인질,DUMMY_인질,20210824,6,0,0,0,0,0.0
인질,DUMMY_인질,20210825,7,0,0,0,0,0.0
인질,DUMMY_인질,20210826,8,0,0,0,0,0.0
인질,DUMMY_인질,20210827,9,0,0,0,0,0.0
인질,DUMMY_인질,20210828,10,0,0,0,0,0.0
인질,DUMMY_인질,20210829,11,0,0,0,0,0.0
인질,DUMMY_인질,20210830,12,0,0,0,0,0.0
인질,DUMMY_인질,20210831,13,0,0,0,0,0.0
인질,DUMMY_인질,20210901,14,0,0,0,0,0.0
인질,DUMMY_인질,20210902,15,0,0,0,0,0.0
인질,DUMMY_인질,20210903,16,0,0,0,0,0.0
인질,DUMMY_인질,20210904,17,0,0,0,0,0.0
인질,DUMMY_인질,20210905,18,0,0,0,0,0.0
인질,DUMMY_인질,20210906,19,0,0,0,0,0.0
인질,DUMMY_인질,20210907,20,0,0,0,0,0.0
인질,DUMMY_인질,20210908,21,0,0,0,0,0.0
인질,DUMMY_인질,20210909,22,0,0,0,0,0.0
인질,DUMMY_인질,20210910,23,0,0,0,0,0.0
인질,DUMMY_인질,20210911,24,0,0,0,0,0.0
인질,DUMMY_인질,20210912,25,0,0,0,0,0.0
인질,DUMMY_인질,20210913,26,0,0,0,0,0.0
인질,DUMMY_인질,20210914,27,0,0,0,0,0.0
인질,DUMMY_인질,20210915,28,0,0,0,0,0.0
인질,DUMMY_인질,20210916,29,0,0,0,0,0.0
인질,DUMMY_인질,20210917,30,0,0,0,0,0.0
인질,DUMMY_인질,20210918,31,0,0,0,0,0.0
인질,DUMMY_인질,20210919,32,0,0,0,0,0.0
인질,DUMMY_인질,20210920,33,0,0,0,0,0.0
인질,DUMMY_인질,20210921,34,0,0,0,0,0.0
보이스,DUMMY_보이,20240101,0,0,0,0,0,0.0
보이스,DUMMY_보이,20240102,1,0,0,0,0,0.0
보이스,DUMMY_보이,20240103,2,0,0,0,0,0.0
보이스,DUMMY_보이,20240104,3,0,0,0,0,0.0
보이스,DUMMY_보이,20240105,4,0,0,0,0,0.0
보이스,DUMMY_보이,20240106,5,0,0,0,0,0.0
보이스,DUMMY_보이,20240107,6,0,0,0,0,0.0
보이스,DUMMY_보이,20240108,7,0,0,0,0,0.0
보이스,DUMMY_보이,20240109,8,0,0,0,0,0.0
보이스,DUMMY_보이,20240110,9,0,0,0,0,0.0
보이스,DUMMY_보이,20240111,10,0,0,0,0,0.0
보이스,DUMMY_보이,20240112,11,0,0,0,0,0.0
보이스,DUMMY_보이,20240113,12,0,0,0,0,0.0
보이스,DUMMY_보이,20240114,13,0,0,0,0,0.0
보이스,DUMMY_보이,20240115,14,0,0,0,0,0.0
보이스,DUMMY_보이,20240116,15,0,0,0,0,0.0
보이스,DUMMY_보이,20240117,16,0,0,0,0,0.0
보이스,DUMMY_보이,20240118,17,0,0,0,0,0.0
보이스,DUMMY_보이,20240119,18,0,0,0,0,0.0
보이스,DUMMY_보이,20240120,19,0,0,0,0,0.0
보이스,DUMMY_보이,20240121,20,0,0,0,0,0.0
보이스,DUMMY_보이,20240122,21,0,0,0,0,0.0
보이스,DUMMY_보이,20240123,22,0,0,0,0,0.0
보이스,DUMMY_보이,20240124,23,0,0,0,0,0.0
보이스,DUMMY_보이,20240125,24,0,0,0,0,0.0
보이스,DUMMY_보이,20240126,25,0,0,0,0,0.0
보이스,DUMMY_보이,20240127,26,0,0,0,0,0.0
보이스,DUMMY_보이,20240128,27,0,0,0,0,0.0
보이스,DUMMY_보이,20240129,28,0,0,0,0,0.0
보이스,DUMMY_보이,20240130,29,0,0,0,0,0.0
보이스,DUMMY_보이,20240131,30,0,0,0,0,0.0
보이스,DUMMY_보이,20240201,31,0,0,0,0,0.0
보이스,DUMMY_보이,20240202,32,0,0,0,0,0.0
보이스,DUMMY_보이,20240203,33,0,0,0,0,0.0
보이스,DUMMY_보이,20240204,34,0,0,0,0,0.0
외계+인 2부,DUMMY_외계,20240110,0,0,0,0,0,0.0
외계+인 2부,DUMMY_외계,20240111,1,0,0,0,0,0.0
외계+인 2부,DUMMY_외계,20240112,2,0,0,0,0,0.0
외계+인 2부,DUMMY_외계,20240113,3,0,0,0,0,0.0
외계+인 2부,DUMMY_외계,20240114,4,0,0,0,0,0.0
외계+인 2부,DUMMY_외계,20240115,5,0,0,0,0,0.0
외계+인 2부,DUMMY_외계,20240116,6,0,0,0,0,0.0
외계+인 2부,DUMMY_외계,20240117,7,0,0,0,0,0.0
외계+인 2부,DUMMY_외계,20240118,8,0,0,0,0,0.0
외계+인 2부,DUMMY_외계,20240119,9,0,0,0,0,0.0
외계+인 2부,DUMMY_외계,20240120,10,0,0,0,0,0.0
외계+인 2부,DUMMY_외계,20240121,11,0,0,0,0,0.0
외계+인 2부,DUMMY_외계,20240122,12,0,0,0,0,0.0
외계+인 2부,DUMMY_외계,20240123,13,0,0,0,0,0.0
외계+인 2부,DUMMY_외계,20240124,14,0,0,0,0,0.0
외계+인 2부,DUMMY_외계,20240125,15,0,0,0,0,0.0
외계+인 2부,DUMMY_외계,20240126,16,0,0,0,0,0.0
외계+인 2부,DUMMY_외계,20240127,17,0,0,0,0,0.0
외계+인 2부,DUMMY_외계,20240128,18,0,0,0,0,0.0
외계+인 2부,DUMMY_외계,20240129,19,0,0,0,0,0.0
외계+인 2부,DUMMY_외계,20240130,20,0,0,0,0,0.0
외계+인 2부,DUMMY_외계,20240131,21,0,0,0,0,0.0
외계+인 2부,DUMMY_외계,20240201,22,0,0,0,0,0.0
외계+인 2부,DUMMY_외계,20240202,23,0,0,0,0,0.0
외계+인 2부,DUMMY_외계,20240203,24,0,0,0,0,0.0
외계+인 2부,DUMMY_외계,20240204,25,0,0,0,0,0.0
외계+인 2부,DUMMY_외계,20240205,26,0,0,0,0,0.0
외계+인 2부,DUMMY_외계,20240206,27,0,0,0,0,0.0
외계+인 2부,DUMMY_외계,20240207,28,0,0,0,0,0.0
외계+인 2부,DUMMY_외계,20240208,29,0,0,0,0,0.0
외계+인 2부,DUMMY_외계,20240209,30,0,0,0,0,0.0
외계+인 2부,DUMMY_외계,20240210,31,0,0,0,0,0.0
외계+인 2부,DUMMY_외계,20240211,32,0,0,0,0,0.0
외계+인 2부,DUMMY_외계,20240212,33,0,0,0,0,0.0
외계+인 2부,DUMMY_외계,20240213,34,0,0,0,0,0.0
슬립,DUMMY_슬립,20240101,0,0,0,0,0,0.0
슬립,DUMMY_슬립,20240102,1,0,0,0,0,0.0
슬립,DUMMY_슬립,20240103,2,0,0,0,0,0.0
슬립,DUMMY_슬립,20240104,3,0,0,0,0,0.0
슬립,DUMMY_슬립,20240105,4,0,0,0,0,0.0
슬립,DUMMY_슬립,20240106,5,0,0,0,0,0.0
슬립,DUMMY_슬립,20240107,6,0,0,0,0,0.0
슬립,DUMMY_슬립,20240108,7,0,0,0,0,0.0
슬립,DUMMY_슬립,20240109,8,0,0,0,0,0.0
슬립,DUMMY_슬립,20240110,9,0,0,0,0,0.0
슬립,DUMMY_슬립,20240111,10,0,0,0,0,0.0
슬립,DUMMY_슬립,20240112,11,0,0,0,0,0.0
슬립,DUMMY_슬립,20240113,12,0,0,0,0,0.0
슬립,DUMMY_슬립,20240114,13,0,0,0,0,0.0
슬립,DUMMY_슬립,20240115,14,0,0,0,0,0.0
슬립,DUMMY_슬립,20240116,15,0,0,0,0,0.0
슬립,DUMMY_슬립,20240117,16,0,0,0,0,0.0
슬립,DUMMY_슬립,20240118,17,0,0,0,0,0.0
슬립,DUMMY_슬립,20240119,18,0,0,0,0,0.0
슬립,DUMMY_슬립,20240120,19,0,0,0,0,0.0
슬립,DUMMY_슬립,20240121,20,0,0,0,0,0.0
슬립,DUMMY_슬립,20240122,21,0,0,0,0,0.0
슬립,DUMMY_슬립,20240123,22,0,0,0,0,0.0
슬립,DUMMY_슬립,20240124,23,0,0,0,0,0.0
슬립,DUMMY_슬립,20240125,24,0,0,0,0,0.0
슬립,DUMMY_슬립,20240126,25,0,0,0,0,0.0
슬립,DUMMY_슬립,20240127,26,0,0,0,0,0.0
슬립,DUMMY_슬립,20240128,27,0,0,0,0,0.0
슬립,DUMMY_슬립,20240129,28,0,0,0,0,0.0
슬립,DUMMY_슬립,20240130,29,0,0,0,0,0.0
슬립,DUMMY_슬립,20240131,30,0,0,0,0,0.0
슬립,DUMMY_슬립,20240201,31,0,0,0,0,0.0
슬립,DUMMY_슬립,20240202,32,0,0,0,0,0.0
슬립,DUMMY_슬립,20240203,33,0,0,0,0,0.0
슬립,DUMMY_슬립,20240204,34,0,0,0,0,0.0
드림,DUMMY_드림,20240101,0,0,0,0,0,0.0
드림,DUMMY_드림,20240102,1,0,0,0,0,0.0
드림,DUMMY_드림,20240103,2,0,0,0,0,0.0
드림,DUMMY_드림,20240104,3,0,0,0,0,0.0
드림,DUMMY_드림,20240105,4,0,0,0,0,0.0
드림,DUMMY_드림,20240106,5,0,0,0,0,0.0
드림,DUMMY_드림,20240107,6,0,0,0,0,0.0
드림,DUMMY_드림,20240108,7,0,0,0,0,0.0
드림,DUMMY_드림,20240109,8,0,0,0,0,0.0
드림,DUMMY_드림,20240110,9,0,0,0,0,0.0
드림,DUMMY_드림,20240111,10,0,0,0,0,0.0
드림,DUMMY_드림,20240112,11,0,0,0,0,0.0
드림,DUMMY_드림,20240113,12,0,0,0,0,0.0
드림,DUMMY_드림,20240114,13,0,0,0,0,0.0
드림,DUMMY_드림,20240115,14,0,0,0,0,0.0
드림,DUMMY_드림,20240116,15,0,0,0,0,0.0
드림,DUMMY_드림,20240117,16,0,0,0,0,0.0
드림,DUMMY_드림,20240118,17,0,0,0,0,0.0
드림,DUMMY_드림,20240119,18,0,0,0,0,0.0
드림,DUMMY_드림,20240120,19,0,0,0,0,0.0
드림,DUMMY_드림,20240121,20,0,0,0,0,0.0
드림,DUMMY_드림,20240122,21,0,0,0,0,0.0
드림,DUMMY_드림,20240123,22,0,0,0,0,0.0
드림,DUMMY_드림,20240124,23,0,0,0,0,0.0
드림,DUMMY_드림,20240125,24,0,0,0,0,0.0
드림,DUMMY_드림,20240126,25,0,0,0,0,0.0
드림,DUMMY_드림,20240127,26,0,0,0,0,0.0
드림,DUMMY_드림,20240128,27,0,0,0,0,0.0
드림,DUMMY_드림,20240129,28,0,0,0,0,0.0
드림,DUMMY_드림,20240130,29,0,0,0,0,0.0
드림,DUMMY_드림,20240131,30,0,0,0,0,0.0
드림,DUMMY_드림,20240201,31,0,0,0,0,0.0
드림,DUMMY_드림,20240202,32,0,0,0,0,0.0
드림,DUMMY_드림,20240203,33,0,0,0,0,0.0
드림,DUMMY_드림,20240204,34,0,0,0,0,0.0
마녀,DUMMY_마녀,20240101,0,0,0,0,0,0.0
마녀,DUMMY_마녀,20240102,1,0,0,0,0,0.0
마녀,DUMMY_마녀,20240103,2,0,0,0,0,0.0
마녀,DUMMY_마녀,20240104,3,0,0,0,0,0.0
마녀,DUMMY_마녀,20240105,4,0,0,0,0,0.0
마녀,DUMMY_마녀,20240106,5,0,0,0,0,0.0
마녀,DUMMY_마녀,20240107,6,0,0,0,0,0.0
마녀,DUMMY_마녀,20240108,7,0,0,0,0,0.0
마녀,DUMMY_마녀,20240109,8,0,0,0,0,0.0
마녀,DUMMY_마녀,20240110,9,0,0,0,0,0.0
마녀,DUMMY_마녀,20240111,10,0,0,0,0,0.0
마녀,DUMMY_마녀,20240112,11,0,0,0,0,0.0
마녀,DUMMY_마녀,20240113,12,0,0,0,0,0.0
마녀,DUMMY_마녀,20240114,13,0,0,0,0,0.0
마녀,DUMMY_마녀,20240115,14,0,0,0,0,0.0
마녀,DUMMY_마녀,20240116,15,0,0,0,0,0.0
마녀,DUMMY_마녀,20240117,16,0,0,0,0,0.0
마녀,DUMMY_마녀,20240118,17,0,0,0,0,0.0
마녀,DUMMY_마녀,20240119,18,0,0,0,0,0.0
마녀,DUMMY_마녀,20240120,19,0,0,0,0,0.0
마녀,DUMMY_마녀,20240121,20,0,0,0,0,0.0
마녀,DUMMY_마녀,20240122,21,0,0,0,0,0.0
마녀,DUMMY_마녀,20240123,22,0,0,0,0,0.0
마녀,DUMMY_마녀,20240124,23,0,0,0,0,0.0
마녀,DUMMY_마녀,20240125,24,0,0,0,0,0.0
마녀,DUMMY_마녀,20240126,25,0,0,0,0,0.0
마녀,DUMMY_마녀,20240127,26,0,0,0,0,0.0
마녀,DUMMY_마녀,20240128,27,0,0,0,0,0.0
마녀,DUMMY_마녀,20240129,28,0,0,0,0,0.0
마녀,DUMMY_마녀,20240130,29,0,0,0,0,0.0
마녀,DUMMY_마녀,20240131,30,0,0,0,0,0.0
마녀,DUMMY_마녀,20240201,31,0,0,0,0,0.0
마녀,DUMMY_마녀,20240202,32,0,0,0,0,0.0
마녀,DUMMY_마녀,20240203,33,0,0,0,0,0.0
마녀,DUMMY_마녀,20240204,34,0,0,0,0,0.0
곤지암,DUMMY_곤지,20180328,0,0,0,0,0,0.0
곤지암,DUMMY_곤지,20180329,1,0,0,0,0,0.0
곤지암,DUMMY_곤지,20180330,2,0,0,0,0,0.0
곤지암,DUMMY_곤지,20180331,3,0,0,0,0,0.0
곤지암,DUMMY_곤지,20180401,4,0,0,0,0,0.0
곤지암,DUMMY_곤지,20180402,5,0,0,0,0,0.0
곤지암,DUMMY_곤지,20180403,6,0,0,0,0,0.0
곤지암,DUMMY_곤지,20180404,7,0,0,0,0,0.0
곤지암,DUMMY_곤지,20180405,8,0,0,0,0,0.0
곤지암,DUMMY_곤지,20180406,9,0,0,0,0,0.0
곤지암,DUMMY_곤지,20180407,10,0,0,0,0,0.0
곤지암,DUMMY_곤지,20180408,11,0,0,0,0,0.0
곤지암,DUMMY_곤지,20180409,12,0,0,0,0,0.0
곤지암,DUMMY_곤지,20180410,13,0,0,0,0,0.0
곤지암,DUMMY_곤지,20180411,14,0,0,0,0,0.0
곤지암,DUMMY_곤지,20180412,15,0,0,0,0,0.0
곤지암,DUMMY_곤지,20180413,16,0,0,0,0,0.0
곤지암,DUMMY_곤지,20180414,17,0,0,0,0,0.0
곤지암,DUMMY_곤지,20180415,18,0,0,0,0,0.0
곤지암,DUMMY_곤지,20180416,19,0,0,0,0,0.0
곤지암,DUMMY_곤지,20180417,20,0,0,0,0,0.0
곤지암,DUMMY_곤지,20180418,21,0,0,0,0,0.0
곤지암,DUMMY_곤지,20180419,22,0,0,0,0,0.0
곤지암,DUMMY_곤지,20180420,23,0,0,0,0,0.0
곤지암,DUMMY_곤지,20180421,24,0,0,0,0,0.0
곤지암,DUMMY_곤지,20180422,25,0,0,0,0,0.0
곤지암,DUMMY_곤지,20180423,26,0,0,0,0,0.0
곤지암,DUMMY_곤지,20180424,27,0,0,0,0,0.0
곤지암,DUMMY_곤지,20180425,28,0,0,0,0,0.0
곤지암,DUMMY_곤지,20180426,29,0,0,0,0,0.0
곤지암,DUMMY_곤지,20180427,30,0,0,0,0,0.0
곤지암,DUMMY_곤지,20180428,31,0,0,0,0,0.0
곤지암,DUMMY_곤지,20180429,32,0,0,0,0,0.0
곤지암,DUMMY_곤지,20180430,33,0,0,0,0,0.0
곤지암,DUMMY_곤지,20180501,34,0,0,0,0,0.0
박열,DUMMY_박열,20170628,0,0,0,0,0,0.0
박열,DUMMY_박열,20170629,1,0,0,0,0,0.0
박열,DUMMY_박열,20170630,2,0,0,0,0,0.0
박열,DUMMY_박열,20170701,3,0,0,0,0,0.0
박열,DUMMY_박열,20170702,4,0,0,0,0,0.0
박열,DUMMY_박열,20170703,5,0,0,0,0,0.0
박열,DUMMY_박열,20170704,6,0,0,0,0,0.0
박열,DUMMY_박열,20170705,7,0,0,0,0,0.0
박열,DUMMY_박열,20170706,8,0,0,0,0,0.0
박열,DUMMY_박열,20170707,9,0,0,0,0,0.0
박열,DUMMY_박열,20170708,10,0,0,0,0,0.0
박열,DUMMY_박열,20170709,11,0,0,0,0,0.0
박열,DUMMY_박열,20170710,12,0,0,0,0,0.0
박열,DUMMY_박열,20170711,13,0,0,0,0,0.0
박열,DUMMY_박열,20170712,14,0,0,0,0,0.0
박열,DUMMY_박열,20170713,15,0,0,0,0,0.0
박열,DUMMY_박열,20170714,16,0,0,0,0,0.0
박열,DUMMY_박열,20170715,17,0,0,0,0,0.0
박열,DUMMY_박열,20170716,18,0,0,0,0,0.0
박열,DUMMY_박열,20170717,19,0,0,0,0,0.0
박열,DUMMY_박열,20170718,20,0,0,0,0,0.0
박열,DUMMY_박열,20170719,21,0,0,0,0,0.0
박열,DUMMY_박열,20170720,22,0,0,0,0,0.0
박열,DUMMY_박열,20170721,23,0,0,0,0,0.0
박열,DUMMY_박열,20170722,24,0,0,0,0,0.0
박열,DUMMY_박열,20170723,25,0,0,0,0,0.0
박열,DUMMY_박열,20170724,26,0,0,0,0,0.0
박열,DUMMY_박열,20170725,27,0,0,0,0,0.0
박열,DUMMY_박열,20170726,28,0,0,0,0,0.0
박열,DUMMY_박열,20170727,29,0,0,0,0,0.0
박열,DUMMY_박열,20170728,30,0,0,0,0,0.0
박열,DUMMY_박열,20170729,31,0,0,0,0,0.0
박열,DUMMY_박열,20170730,32,0,0,0,0,0.0
박열,DUMMY_박열,20170731,33,0,0,0,0,0.0
박열,DUMMY_박열,20170801,34,0,0,0,0,0.0
나쁜 녀석들: 더 무비,DUMMY_나쁜,20190911,0,0,0,0,0,0.0
나쁜 녀석들: 더 무비,DUMMY_나쁜,20190912,1,0,0,0,0,0.0
나쁜 녀석들: 더 무비,DUMMY_나쁜,20190913,2,0,0,0,0,0.0
나쁜 녀석들: 더 무비,DUMMY_나쁜,20190914,3,0,0,0,0,0.0
나쁜 녀석들: 더 무비,DUMMY_나쁜,20190915,4,0,0,0,0,0.0
나쁜 녀석들: 더 무비,DUMMY_나쁜,20190916,5,0,0,0,0,0.0
나쁜 녀석들: 더 무비,DUMMY_나쁜,20190917,6,0,0,0,0,0.0
나쁜 녀석들: 더 무비,DUMMY_나쁜,20190918,7,0,0,0,0,0.0
나쁜 녀석들: 더 무비,DUMMY_나쁜,20190919,8,0,0,0,0,0.0
나쁜 녀석들: 더 무비,DUMMY_나쁜,20190920,9,0,0,0,0,0.0
나쁜 녀석들: 더 무비,DUMMY_나쁜,20190921,10,0,0,0,0,0.0
나쁜 녀석들: 더 무비,DUMMY_나쁜,20190922,11,0,0,0,0,0.0
나쁜 녀석들: 더 무비,DUMMY_나쁜,20190923,12,0,0,0,0,0.0
나쁜 녀석들: 더 무비,DUMMY_나쁜,20190924,13,0,0,0,0,0.0
나쁜 녀석들: 더 무비,DUMMY_나쁜,20190925,14,0,0,0,0,0.0
나쁜 녀석들: 더 무비,DUMMY_나쁜,20190926,15,0,0,0,0,0.0
나쁜 녀석들: 더 무비,DUMMY_나쁜,20190927,16,0,0,0,0,0.0
나쁜 녀석들: 더 무비,DUMMY_나쁜,20190928,17,0,0,0,0,0.0
나쁜 녀석들: 더 무비,DUMMY_나쁜,20190929,18,0,0,0,0,0.0
나쁜 녀석들: 더 무비,DUMMY_나쁜,20190930,19,0,0,0,0,0.0
나쁜 녀석들: 더 무비,DUMMY_나쁜,20191001,20,0,0,0,0,0.0
나쁜 녀석들: 더 무비,DUMMY_나쁜,20191002,21,0,0,0,0,0.0
나쁜 녀석들: 더 무비,DUMMY_나쁜,20191003,22,0,0,0,0,0.0
나쁜 녀석들: 더 무비,DUMMY_나쁜,20191004,23,0,0,0,0,0.0
나쁜 녀석들: 더 무비,DUMMY_나쁜,20191005,24,0,0,0,0,0.0
나쁜 녀석들: 더 무비,DUMMY_나쁜,20191006,25,0,0,0,0,0.0
나쁜 녀석들: 더 무비,DUMMY_나쁜,20191007,26,0,0,0,0,0.0
나쁜 녀석들: 더 무비,DUMMY_나쁜,20191008,27,0,0,0,0,0.0
나쁜 녀석들: 더 무비,DUMMY_나쁜,20191009,28,0,0,0,0,0.0
나쁜 녀석들: 더 무비,DUMMY_나쁜,20191010,29,0,0,0,0,0.0
나쁜 녀석들: 더 무비,DUMMY_나쁜,20191011,30,0,0,0,0,0.0
나쁜 녀석들: 더 무비,DUMMY_나쁜,20191012,31,0,0,0,0,0.0
나쁜 녀석들: 더 무비,DUMMY_나쁜,20191013,32,0,0,0,0,0.0
나쁜 녀석들: 더 무비,DUMMY_나쁜,20191014,33,0,0,0,0,0.0
나쁜 녀석들: 더 무비,DUMMY_나쁜,20191015,34,0,0,0,0,0.0
