movie_title,channel,keyword,count,rank
왕과 사는 남자,combined,돌파,102,1
왕과 사는 남자,combined,왕사,75,2
왕과 사는 남자,combined,단종,73,3
왕과 사는 남자,combined,흥행,64,4
왕과 사는 남자,combined,장항준,56,5
왕과 사는 남자,combined,역대,54,6
왕과 사는 남자,combined,박지훈,47,7
왕과 사는 남자,combined,감독,36,8
왕과 사는 남자,combined,영월,32,9
왕과 사는 남자,combined,매출,31,10
왕과 사는 남자,combined,기록,28,11
왕과 사는 남자,combined,천만,27,12
왕과 사는 남자,combined,유해진,26,13
왕과 사는 남자,combined,청령포,26,14
왕과 사는 남자,combined,요즘,25,15
왕과 사는 남자,combined,극장,25,16
왕과 사는 남자,combined,배우,24,17
왕과 사는 남자,combined,사람,24,18
왕과 사는 남자,combined,한국,23,19
왕과 사는 남자,combined,여행,21,20
왕과 사는 남자,combined,누적,20,21
왕과 사는 남자,combined,유지태,18,22
왕과 사는 남자,combined,유배,18,23
왕과 사는 남자,combined,공개,17,24
왕과 사는 남자,combined,최근,17,25
왕과 사는 남자,combined,이야기,16,26
왕과 사는 남자,combined,역사,16,27
왕과 사는 남자,combined,연기,14,28
왕과 사는 남자,combined,국제,14,29
왕과 사는 남자,combined,시장,14,30
왕과 사는 남자,blog,돌파,102,1
왕과 사는 남자,blog,왕사,75,2
왕과 사는 남자,blog,단종,73,3
왕과 사는 남자,blog,흥행,64,4
왕과 사는 남자,blog,장항준,56,5
왕과 사는 남자,blog,역대,54,6
왕과 사는 남자,blog,박지훈,47,7
왕과 사는 남자,blog,감독,36,8
왕과 사는 남자,blog,영월,32,9
왕과 사는 남자,blog,매출,31,10
왕과 사는 남자,blog,기록,28,11
왕과 사는 남자,blog,천만,27,12
왕과 사는 남자,blog,유해진,26,13
왕과 사는 남자,blog,청령포,26,14
왕과 사는 남자,blog,요즘,25,15
왕과 사는 남자,blog,극장,25,16
왕과 사는 남자,blog,배우,24,17
왕과 사는 남자,blog,사람,24,18
왕과 사는 남자,blog,한국,23,19
왕과 사는 남자,blog,여행,21,20
왕과 사는 남자,blog,누적,20,21
왕과 사는 남자,blog,유지태,18,22
왕과 사는 남자,blog,유배,18,23
왕과 사는 남자,blog,공개,17,24
왕과 사는 남자,blog,최근,17,25
왕과 사는 남자,blog,이야기,16,26
왕과 사는 남자,blog,역사,16,27
왕과 사는 남자,blog,연기,14,28
왕과 사는 남자,blog,국제,14,29
왕과 사는 남자,blog,시장,14,30
명량,combined,역대,147,1
명량,combined,남자,122,2
명량,combined,흥행,121,3
명량,combined,직업,120,4
명량,combined,돌파,103,5
명량,combined,극한,100,6
명량,combined,시장,89,7
명량,combined,왕사,88,8
명량,combined,국제,88,9
명량,combined,매출,73,10
명량,combined,기록,71,11
명량,combined,핫도그,60,12
명량,combined,한국,51,13
명량,combined,순위,37,14
명량,combined,현재,32,15
명량,combined,천만,30,16
명량,combined,이제,26,17
명량,combined,어벤져스,23,18
명량,combined,장항준,23,19
명량,combined,작품,23,20
명량,combined,극장,22,21
명량,combined,박지훈,21,22
명량,combined,부산,20,23
명량,combined,리스,20,24
명량,combined,감독,19,25
명량,combined,바로,19,26
명량,combined,치즈스틱,19,27
명량,combined,역사,18,28
명량,combined,누적,17,29
명량,combined,관객수,16,30
명량,blog,역대,147,1
명량,blog,남자,122,2
명량,blog,흥행,121,3
명량,blog,직업,120,4
명량,blog,돌파,103,5
명량,blog,극한,100,6
명량,blog,시장,89,7
명량,blog,왕사,88,8
명량,blog,국제,88,9
명량,blog,매출,73,10
명량,blog,기록,71,11
명량,blog,핫도그,60,12
명량,blog,한국,51,13
명량,blog,순위,37,14
명량,blog,현재,32,15
명량,blog,천만,30,16
명량,blog,이제,26,17
명량,blog,어벤져스,23,18
명량,blog,장항준,23,19
명량,blog,작품,23,20
명량,blog,극장,22,21
명량,blog,박지훈,21,22
명량,blog,부산,20,23
명량,blog,리스,20,24
명량,blog,감독,19,25
명량,blog,바로,19,26
명량,blog,치즈스틱,19,27
명량,blog,역사,18,28
명량,blog,누적,17,29
명량,blog,관객수,16,30
극한직업,combined,명량,132,1
극한직업,combined,남자,126,2
극한직업,combined,역대,123,3
극한직업,combined,흥행,114,4
극한직업,combined,시장,105,5
극한직업,combined,국제,100,6
극한직업,combined,돌파,98,7
극한직업,combined,왕사,80,8
극한직업,combined,매출,63,9
극한직업,combined,기록,60,10
극한직업,combined,현재,53,11
극한직업,combined,순위,42,12
극한직업,combined,한국,40,13
극한직업,combined,통닭,34,14
극한직업,combined,작품,32,15
극한직업,combined,이제,27,16
극한직업,combined,어벤져스,25,17
극한직업,combined,감독,22,18
극한직업,combined,극장,21,19
극한직업,combined,장항준,19,20
극한직업,combined,아바타,17,21
극한직업,combined,어디,17,22
극한직업,combined,천만,16,23
극한직업,combined,박지훈,16,24
극한직업,combined,영주,16,25
극한직업,combined,지금,14,26
극한직업,combined,관객수,14,27
극한직업,combined,단종,14,28
극한직업,combined,국내,14,29
극한직업,combined,찹쌀떡,14,30
극한직업,blog,명량,132,1
극한직업,blog,남자,126,2
극한직업,blog,역대,123,3
극한직업,blog,흥행,114,4
극한직업,blog,시장,105,5
극한직업,blog,국제,100,6
극한직업,blog,돌파,98,7
극한직업,blog,왕사,80,8
극한직업,blog,매출,63,9
극한직업,blog,기록,60,10
극한직업,blog,현재,53,11
극한직업,blog,순위,42,12
극한직업,blog,한국,40,13
극한직업,blog,통닭,34,14
극한직업,blog,작품,32,15
극한직업,blog,이제,27,16
극한직업,blog,어벤져스,25,17
극한직업,blog,감독,22,18
극한직업,blog,극장,21,19
극한직업,blog,장항준,19,20
극한직업,blog,아바타,17,21
극한직업,blog,어디,17,22
극한직업,blog,천만,16,23
극한직업,blog,박지훈,16,24
극한직업,blog,영주,16,25
극한직업,blog,지금,14,26
극한직업,blog,관객수,14,27
극한직업,blog,단종,14,28
극한직업,blog,국내,14,29
극한직업,blog,찹쌀떡,14,30
파묘,combined,묘지,262,1
파묘,combined,이장,139,2
파묘,combined,개장,114,3
파묘,combined,조성,58,4
파묘,combined,화장,57,5
파묘,combined,절차,46,6
파묘,combined,오컬트,40,7
파묘,combined,진행,37,8
파묘,combined,부안,36,9
파묘,combined,산소,35,10
파묘,combined,한국,33,11
파묘,combined,비용,33,12
파묘,combined,유골,32,13
파묘,combined,남자,28,14
파묘,combined,예약,27,15
파묘,combined,전문,26,16
파묘,combined,가족,26,17
파묘,combined,벌초,25,18
파묘,combined,수습,23,19
파묘,combined,추모,23,20
파묘,combined,공원,23,21
파묘,combined,작품,22,22
파묘,combined,천만,21,23
파묘,combined,추천,21,24
파묘,combined,지역,21,25
파묘,combined,배우,20,26
파묘,combined,영철,20,27
파묘,combined,곡성,19,28
파묘,combined,작업,18,29
파묘,combined,최근,18,30
파묘,blog,묘지,262,1
파묘,blog,이장,139,2
파묘,blog,개장,114,3
파묘,blog,조성,58,4
파묘,blog,화장,57,5
파묘,blog,절차,46,6
파묘,blog,오컬트,40,7
파묘,blog,진행,37,8
파묘,blog,부안,36,9
파묘,blog,산소,35,10
파묘,blog,한국,33,11
파묘,blog,비용,33,12
파묘,blog,유골,32,13
파묘,blog,남자,28,14
파묘,blog,예약,27,15
파묘,blog,전문,26,16
파묘,blog,가족,26,17
파묘,blog,벌초,25,18
파묘,blog,수습,23,19
파묘,blog,추모,23,20
파묘,blog,공원,23,21
파묘,blog,작품,22,22
파묘,blog,천만,21,23
파묘,blog,추천,21,24
파묘,blog,지역,21,25
파묘,blog,배우,20,26
파묘,blog,영철,20,27
파묘,blog,곡성,19,28
파묘,blog,작업,18,29
파묘,blog,최근,18,30
서울의 봄,combined,흥행,96,1
서울의 봄,combined,남자,74,2
서울의 봄,combined,기록,74,3
서울의 봄,combined,한국,58,4
서울의 봄,combined,이후,55,5
서울의 봄,combined,왕사,54,6
서울의 봄,combined,돌파,54,7
서울의 봄,combined,역대,52,8
서울의 봄,combined,벚꽃,40,9
서울의 봄,combined,팬데믹,39,10
서울의 봄,combined,축제,39,11
서울의 봄,combined,감독,32,12
서울의 봄,combined,장항준,30,13
서울의 봄,combined,천만,27,14
서울의 봄,combined,작품,26,15
서울의 봄,combined,도시,25,16
서울의 봄,combined,제작,25,17
서울의 봄,combined,최고,24,18
서울의 봄,combined,클라이맥스,24,19
서울의 봄,combined,가장,23,20
서울의 봄,combined,매화,22,21
서울의 봄,combined,코로나,21,22
서울의 봄,combined,북미,21,23
서울의 봄,combined,명소,20,24
서울의 봄,combined,직업,18,25
서울의 봄,combined,하이브,18,26
서울의 봄,combined,미디어,18,27
서울의 봄,combined,코프,18,28
서울의 봄,combined,광화문,17,29
서울의 봄,combined,베테,17,30
서울의 봄,blog,흥행,96,1
서울의 봄,blog,남자,74,2
서울의 봄,blog,기록,74,3
서울의 봄,blog,한국,58,4
서울의 봄,blog,이후,55,5
서울의 봄,blog,왕사,54,6
서울의 봄,blog,돌파,54,7
서울의 봄,blog,역대,52,8
서울의 봄,blog,벚꽃,40,9
서울의 봄,blog,팬데믹,39,10
서울의 봄,blog,축제,39,11
서울의 봄,blog,감독,32,12
서울의 봄,blog,장항준,30,13
서울의 봄,blog,천만,27,14
서울의 봄,blog,작품,26,15
서울의 봄,blog,도시,25,16
서울의 봄,blog,제작,25,17
서울의 봄,blog,최고,24,18
서울의 봄,blog,클라이맥스,24,19
서울의 봄,blog,가장,23,20
서울의 봄,blog,매화,22,21
서울의 봄,blog,코로나,21,22
서울의 봄,blog,북미,21,23
서울의 봄,blog,명소,20,24
서울의 봄,blog,직업,18,25
서울의 봄,blog,하이브,18,26
서울의 봄,blog,미디어,18,27
서울의 봄,blog,코프,18,28
서울의 봄,blog,광화문,17,29
서울의 봄,blog,베테,17,30
범죄도시2,combined,한국,34,1
범죄도시2,combined,이후,33,2
범죄도시2,combined,남자,32,3
범죄도시2,combined,천만,31,4
범죄도시2,combined,역대,29,5
범죄도시2,combined,기록,26,6
범죄도시2,combined,흥행,23,7
범죄도시2,combined,돌파,22,8
범죄도시2,combined,국가,21,9
범죄도시2,combined,왕사,19,10
범죄도시2,combined,모든,17,11
범죄도시2,combined,지역,16,12
범죄도시2,combined,빈곤,16,13
범죄도시2,combined,사건,16,14
범죄도시2,combined,장항준,15,15
범죄도시2,combined,아이,15,16
범죄도시2,combined,미국,15,17
범죄도시2,combined,안전,15,18
범죄도시2,combined,사람,14,19
범죄도시2,combined,부산,14,20
범죄도시2,combined,작품,14,21
범죄도시2,combined,확장,13,22
범죄도시2,combined,통제,13,23
범죄도시2,combined,감독,12,24
범죄도시2,combined,감시,12,25
범죄도시2,combined,그림,12,26
범죄도시2,combined,산업,12,27
범죄도시2,combined,드라마,11,28
범죄도시2,combined,국기,11,29
범죄도시2,combined,상영,11,30
범죄도시2,blog,한국,34,1
범죄도시2,blog,이후,33,2
범죄도시2,blog,남자,32,3
범죄도시2,blog,천만,31,4
범죄도시2,blog,역대,29,5
범죄도시2,blog,기록,26,6
범죄도시2,blog,흥행,23,7
범죄도시2,blog,돌파,22,8
범죄도시2,blog,국가,21,9
범죄도시2,blog,왕사,19,10
범죄도시2,blog,모든,17,11
범죄도시2,blog,지역,16,12
범죄도시2,blog,빈곤,16,13
범죄도시2,blog,사건,16,14
범죄도시2,blog,장항준,15,15
범죄도시2,blog,아이,15,16
범죄도시2,blog,미국,15,17
범죄도시2,blog,안전,15,18
범죄도시2,blog,사람,14,19
범죄도시2,blog,부산,14,20
범죄도시2,blog,작품,14,21
범죄도시2,blog,확장,13,22
범죄도시2,blog,통제,13,23
범죄도시2,blog,감독,12,24
범죄도시2,blog,감시,12,25
범죄도시2,blog,그림,12,26
범죄도시2,blog,산업,12,27
범죄도시2,blog,드라마,11,28
범죄도시2,blog,국기,11,29
범죄도시2,blog,상영,11,30
신과함께-죄와 벌,combined,국제,147,1
신과함께-죄와 벌,combined,시장,147,2
신과함께-죄와 벌,combined,남자,135,3
신과함께-죄와 벌,combined,역대,122,4
신과함께-죄와 벌,combined,명량,109,5
신과함께-죄와 벌,combined,흥행,107,6
신과함께-죄와 벌,combined,돌파,106,7
신과함께-죄와 벌,combined,직업,105,8
신과함께-죄와 벌,combined,극한,100,9
신과함께-죄와 벌,combined,왕사,70,10
신과함께-죄와 벌,combined,현재,50,11
신과함께-죄와 벌,combined,기록,50,12
신과함께-죄와 벌,combined,순위,43,13
신과함께-죄와 벌,combined,어벤져스,38,14
신과함께-죄와 벌,combined,작품,34,15
신과함께-죄와 벌,combined,한국,29,16
신과함께-죄와 벌,combined,천만,26,17
신과함께-죄와 벌,combined,장항준,20,18
신과함께-죄와 벌,combined,이제,18,19
신과함께-죄와 벌,combined,우리,18,20
신과함께-죄와 벌,combined,관객수,18,21
신과함께-죄와 벌,combined,박스오피스,17,22
신과함께-죄와 벌,combined,배우,16,23
신과함께-죄와 벌,combined,어디,15,24
신과함께-죄와 벌,combined,가능성,15,25
신과함께-죄와 벌,combined,사람,15,26
신과함께-죄와 벌,combined,단종,14,27
신과함께-죄와 벌,combined,박지훈,14,28
신과함께-죄와 벌,combined,하나님,14,29
신과함께-죄와 벌,combined,진입,14,30
신과함께-죄와 벌,blog,국제,147,1
신과함께-죄와 벌,blog,시장,147,2
신과함께-죄와 벌,blog,남자,135,3
신과함께-죄와 벌,blog,역대,122,4
신과함께-죄와 벌,blog,명량,109,5
신과함께-죄와 벌,blog,흥행,107,6
신과함께-죄와 벌,blog,돌파,106,7
신과함께-죄와 벌,blog,직업,105,8
신과함께-죄와 벌,blog,극한,100,9
신과함께-죄와 벌,blog,왕사,70,10
신과함께-죄와 벌,blog,현재,50,11
신과함께-죄와 벌,blog,기록,50,12
신과함께-죄와 벌,blog,순위,43,13
신과함께-죄와 벌,blog,어벤져스,38,14
신과함께-죄와 벌,blog,작품,34,15
신과함께-죄와 벌,blog,한국,29,16
신과함께-죄와 벌,blog,천만,26,17
신과함께-죄와 벌,blog,장항준,20,18
신과함께-죄와 벌,blog,이제,18,19
신과함께-죄와 벌,blog,우리,18,20
신과함께-죄와 벌,blog,관객수,18,21
신과함께-죄와 벌,blog,박스오피스,17,22
신과함께-죄와 벌,blog,배우,16,23
신과함께-죄와 벌,blog,어디,15,24
신과함께-죄와 벌,blog,가능성,15,25
신과함께-죄와 벌,blog,사람,15,26
신과함께-죄와 벌,blog,단종,14,27
신과함께-죄와 벌,blog,박지훈,14,28
신과함께-죄와 벌,blog,하나님,14,29
신과함께-죄와 벌,blog,진입,14,30
국제시장,combined,남자,86,1
국제시장,combined,역대,82,2
국제시장,combined,돌파,73,3
국제시장,combined,부산,65,4
국제시장,combined,흥행,57,5
국제시장,combined,기록,47,6
국제시장,combined,현재,40,7
국제시장,combined,왕사,35,8
국제시장,combined,가격,32,9
국제시장,combined,한국,32,10
국제시장,combined,명량,28,11
국제시장,combined,국내,25,12
국제시장,combined,여행,25,13
국제시장,combined,작품,22,14
국제시장,combined,남포동,22,15
국제시장,combined,직업,22,16
국제시장,combined,순위,21,17
국제시장,combined,신포,20,18
국제시장,combined,극한,20,19
국제시장,combined,깡통,20,20
국제시장,combined,출연,19,21
국제시장,combined,맛집,18,22
국제시장,combined,아이유,17,23
국제시장,combined,시세,17,24
국제시장,combined,인천,17,25
국제시장,combined,어벤져스,17,26
국제시장,combined,남창희,15,27
국제시장,combined,한강,15,28
국제시장,combined,박스오피스,15,29
국제시장,combined,드라마,14,30
국제시장,blog,남자,86,1
국제시장,blog,역대,82,2
국제시장,blog,돌파,73,3
국제시장,blog,부산,65,4
국제시장,blog,흥행,57,5
국제시장,blog,기록,47,6
국제시장,blog,현재,40,7
국제시장,blog,왕사,35,8
국제시장,blog,가격,32,9
국제시장,blog,한국,32,10
국제시장,blog,명량,28,11
국제시장,blog,국내,25,12
국제시장,blog,여행,25,13
국제시장,blog,작품,22,14
국제시장,blog,남포동,22,15
국제시장,blog,직업,22,16
국제시장,blog,순위,21,17
국제시장,blog,신포,20,18
국제시장,blog,극한,20,19
국제시장,blog,깡통,20,20
국제시장,blog,출연,19,21
국제시장,blog,맛집,18,22
국제시장,blog,아이유,17,23
국제시장,blog,시세,17,24
국제시장,blog,인천,17,25
국제시장,blog,어벤져스,17,26
국제시장,blog,남창희,15,27
국제시장,blog,한강,15,28
국제시장,blog,박스오피스,15,29
국제시장,blog,드라마,14,30
한산: 용의 출현,combined,티파니,94,1
한산: 용의 출현,combined,요한,92,2
한산: 용의 출현,combined,드라마,70,3
한산: 용의 출현,combined,배우,61,4
한산: 용의 출현,combined,결혼,58,5
한산: 용의 출현,combined,명량,58,6
한산: 용의 출현,combined,작품,52,7
한산: 용의 출현,combined,김한민,51,8
한산: 용의 출현,combined,감독,50,9
한산: 용의 출현,combined,혼인신고,49,10
한산: 용의 출현,combined,이순신,49,11
한산: 용의 출현,combined,이서준,46,12
한산: 용의 출현,combined,미생,44,13
한산: 용의 출현,combined,바다,43,14
한산: 용의 출현,combined,노량,42,15
한산: 용의 출현,combined,남자,39,16
한산: 용의 출현,combined,미스터,38,17
한산: 용의 출현,combined,사극,37,18
한산: 용의 출현,combined,연기,35,19
한산: 용의 출현,combined,죽음,35,20
한산: 용의 출현,combined,샤인,35,21
한산: 용의 출현,combined,출연,29,22
한산: 용의 출현,combined,자산어보,28,23
한산: 용의 출현,combined,액션,28,24
한산: 용의 출현,combined,흥행,28,25
한산: 용의 출현,combined,최근,26,26
한산: 용의 출현,combined,데뷔,25,27
한산: 용의 출현,combined,소녀시대,25,28
한산: 용의 출현,combined,프로필,23,29
한산: 용의 출현,combined,부부,22,30
한산: 용의 출현,blog,티파니,94,1
한산: 용의 출현,blog,요한,92,2
한산: 용의 출현,blog,드라마,70,3
한산: 용의 출현,blog,배우,61,4
한산: 용의 출현,blog,결혼,58,5
한산: 용의 출현,blog,명량,58,6
한산: 용의 출현,blog,작품,52,7
한산: 용의 출현,blog,김한민,51,8
한산: 용의 출현,blog,감독,50,9
한산: 용의 출현,blog,혼인신고,49,10
한산: 용의 출현,blog,이순신,49,11
한산: 용의 출현,blog,이서준,46,12
한산: 용의 출현,blog,미생,44,13
한산: 용의 출현,blog,바다,43,14
한산: 용의 출현,blog,노량,42,15
한산: 용의 출현,blog,남자,39,16
한산: 용의 출현,blog,미스터,38,17
한산: 용의 출현,blog,사극,37,18
한산: 용의 출현,blog,연기,35,19
한산: 용의 출현,blog,죽음,35,20
한산: 용의 출현,blog,샤인,35,21
한산: 용의 출현,blog,출연,29,22
한산: 용의 출현,blog,자산어보,28,23
한산: 용의 출현,blog,액션,28,24
한산: 용의 출현,blog,흥행,28,25
한산: 용의 출현,blog,최근,26,26
한산: 용의 출현,blog,데뷔,25,27
한산: 용의 출현,blog,소녀시대,25,28
한산: 용의 출현,blog,프로필,23,29
한산: 용의 출현,blog,부부,22,30
공조2: 인터내셔날,combined,인터내셔널,124,1
공조2: 인터내셔날,combined,포스코,111,2
공조2: 인터내셔날,combined,한국,100,3
공조2: 인터내셔날,combined,신세계,74,4
공조2: 인터내셔날,combined,에스,71,5
공조2: 인터내셔날,combined,아모레퍼시픽,58,6
공조2: 인터내셔날,combined,삼성,56,7
공조2: 인터내셔날,combined,콜마,53,8
공조2: 인터내셔날,combined,뉴스,42,9
공조2: 인터내셔날,combined,가스,40,10
공조2: 인터내셔날,combined,윈드,39,11
공조2: 인터내셔날,combined,공사,35,12
공조2: 인터내셔날,combined,에너지,35,13
공조2: 인터내셔날,combined,항공,32,14
공조2: 인터내셔날,combined,그룹,31,15
공조2: 인터내셔날,combined,금융,31,16
공조2: 인터내셔날,combined,푸드,30,17
공조2: 인터내셔날,combined,아시아나,30,18
공조2: 인터내셔날,combined,퓨처,30,19
공조2: 인터내셔날,combined,하나,30,20
공조2: 인터내셔날,combined,케미칼,30,21
공조2: 인터내셔날,combined,아세아,29,22
공조2: 인터내셔날,combined,풀무원,29,23
공조2: 인터내셔날,combined,지주,29,24
공조2: 인터내셔날,combined,주요,27,25
공조2: 인터내셔날,combined,홀딩스,26,26
공조2: 인터내셔날,combined,흥행,25,27
공조2: 인터내셔날,combined,유해진,25,28
공조2: 인터내셔날,combined,국제,24,29
공조2: 인터내셔날,combined,한독,24,30
공조2: 인터내셔날,blog,인터내셔널,124,1
공조2: 인터내셔날,blog,포스코,111,2
공조2: 인터내셔날,blog,한국,100,3
공조2: 인터내셔날,blog,신세계,74,4
공조2: 인터내셔날,blog,에스,71,5
공조2: 인터내셔날,blog,아모레퍼시픽,58,6
공조2: 인터내셔날,blog,삼성,56,7
공조2: 인터내셔날,blog,콜마,53,8
공조2: 인터내셔날,blog,뉴스,42,9
공조2: 인터내셔날,blog,가스,40,10
공조2: 인터내셔날,blog,윈드,39,11
공조2: 인터내셔날,blog,공사,35,12
공조2: 인터내셔날,blog,에너지,35,13
공조2: 인터내셔날,blog,항공,32,14
공조2: 인터내셔날,blog,그룹,31,15
공조2: 인터내셔날,blog,금융,31,16
공조2: 인터내셔날,blog,푸드,30,17
공조2: 인터내셔날,blog,아시아나,30,18
공조2: 인터내셔날,blog,퓨처,30,19
공조2: 인터내셔날,blog,하나,30,20
공조2: 인터내셔날,blog,케미칼,30,21
공조2: 인터내셔날,blog,아세아,29,22
공조2: 인터내셔날,blog,풀무원,29,23
공조2: 인터내셔날,blog,지주,29,24
공조2: 인터내셔날,blog,주요,27,25
공조2: 인터내셔날,blog,홀딩스,26,26
공조2: 인터내셔날,blog,흥행,25,27
공조2: 인터내셔날,blog,유해진,25,28
공조2: 인터내셔날,blog,국제,24,29
공조2: 인터내셔날,blog,한독,24,30
베테랑2,combined,경력,33,1
베테랑2,combined,원장,33,2
베테랑2,combined,선수,31,3
베테랑2,combined,직접,30,4
베테랑2,combined,분석,30,5
베테랑2,combined,경험,28,6
베테랑2,combined,이상,23,7
베테랑2,combined,경기,20,8
베테랑2,combined,비결,20,9
베테랑2,combined,배우,20,10
베테랑2,combined,학원,19,11
베테랑2,combined,촬영,18,12
베테랑2,combined,가장,17,13
베테랑2,combined,부산,17,14
베테랑2,combined,아트,17,15
베테랑2,combined,강사,17,16
베테랑2,combined,전문가,17,17
베테랑2,combined,기사,16,18
베테랑2,combined,택시,16,19
베테랑2,combined,교육,16,20
베테랑2,combined,댄스,15,21
베테랑2,combined,현장,14,22
베테랑2,combined,저희,14,23
베테랑2,combined,진행,14,24
베테랑2,combined,작업,14,25
베테랑2,combined,정리,13,26
베테랑2,combined,이번,13,27
베테랑2,combined,영상,13,28
베테랑2,combined,청소,13,29
베테랑2,combined,선생님,12,30
베테랑2,blog,경력,33,1
베테랑2,blog,원장,33,2
베테랑2,blog,선수,31,3
베테랑2,blog,직접,30,4
베테랑2,blog,분석,30,5
베테랑2,blog,경험,28,6
베테랑2,blog,이상,23,7
베테랑2,blog,경기,20,8
베테랑2,blog,비결,20,9
베테랑2,blog,배우,20,10
베테랑2,blog,학원,19,11
베테랑2,blog,촬영,18,12
베테랑2,blog,가장,17,13
베테랑2,blog,부산,17,14
베테랑2,blog,아트,17,15
베테랑2,blog,강사,17,16
베테랑2,blog,전문가,17,17
베테랑2,blog,기사,16,18
베테랑2,blog,택시,16,19
베테랑2,blog,교육,16,20
베테랑2,blog,댄스,15,21
베테랑2,blog,현장,14,22
베테랑2,blog,저희,14,23
베테랑2,blog,진행,14,24
베테랑2,blog,작업,14,25
베테랑2,blog,정리,13,26
베테랑2,blog,이번,13,27
베테랑2,blog,영상,13,28
베테랑2,blog,청소,13,29
베테랑2,blog,선생님,12,30
밀수,combined,혐의,82,1
밀수,combined,중국,82,2
밀수,combined,슈퍼,68,3
밀수,combined,엔비디아,62,4
밀수,combined,기소,53,5
밀수,combined,마이크로,49,6
밀수,combined,상영,42,7
밀수,combined,미국,42,8
밀수,combined,폭락,34,9
밀수,combined,창업,33,10
밀수,combined,마약,31,11
밀수,combined,시간표,30,12
밀수,combined,모바일,30,13
밀수,combined,사건,29,14
밀수,combined,주가,27,15
밀수,combined,서버,26,16
밀수,combined,급락,24,17
밀수,combined,달러,23,18
밀수,combined,밀수출,23,19
밀수,combined,공동,20,20
밀수,combined,증시,19,21
밀수,combined,수출,19,22
밀수,combined,마이크로컴퓨터,17,23
밀수,combined,이란,17,24
밀수,combined,의혹,17,25
밀수,combined,기술,16,26
밀수,combined,소식,16,27
밀수,combined,서울,15,28
밀수,combined,관련,15,29
밀수,combined,규모,15,30
밀수,blog,혐의,82,1
밀수,blog,중국,82,2
밀수,blog,슈퍼,68,3
밀수,blog,엔비디아,62,4
밀수,blog,기소,53,5
밀수,blog,마이크로,49,6
밀수,blog,상영,42,7
밀수,blog,미국,42,8
밀수,blog,폭락,34,9
밀수,blog,창업,33,10
밀수,blog,마약,31,11
밀수,blog,시간표,30,12
밀수,blog,모바일,30,13
밀수,blog,사건,29,14
밀수,blog,주가,27,15
밀수,blog,서버,26,16
밀수,blog,급락,24,17
밀수,blog,달러,23,18
밀수,blog,밀수출,23,19
밀수,blog,공동,20,20
밀수,blog,증시,19,21
밀수,blog,수출,19,22
밀수,blog,마이크로컴퓨터,17,23
밀수,blog,이란,17,24
밀수,blog,의혹,17,25
밀수,blog,기술,16,26
밀수,blog,소식,16,27
밀수,blog,서울,15,28
밀수,blog,관련,15,29
밀수,blog,규모,15,30
하얼빈,combined,꼬치,157,1
하얼빈,combined,맛집,95,2
하얼빈,combined,맥주,82,3
하얼빈,combined,중국,78,4
하얼빈,combined,여행,50,5
하얼빈,combined,안중근,32,6
하얼빈,combined,칭따오,31,7
하얼빈,combined,주문,30,8
하얼빈,combined,추천,21,9
하얼빈,combined,중식,19,10
하얼빈,combined,메뉴,18,11
하얼빈,combined,한국,17,12
하얼빈,combined,도시,17,13
하얼빈,combined,고량주,17,14
하얼빈,combined,갈비,17,15
하얼빈,combined,가지,15,16
하얼빈,combined,바로,15,17
하얼빈,combined,구역,15,18
하얼빈,combined,의사,14,19
하얼빈,combined,가격,14,20
하얼빈,combined,하얼빈역,13,21
하얼빈,combined,양고기,13,22
하얼빈,combined,압구정,13,23
하얼빈,combined,홍콩,12,24
하얼빈,combined,준비,12,25
하얼빈,combined,로우,12,26
하얼빈,combined,우리,12,27
하얼빈,combined,택시,12,28
하얼빈,combined,의거,11,29
하얼빈,combined,역사,11,30
하얼빈,blog,꼬치,157,1
하얼빈,blog,맛집,95,2
하얼빈,blog,맥주,82,3
하얼빈,blog,중국,78,4
하얼빈,blog,여행,50,5
하얼빈,blog,안중근,32,6
하얼빈,blog,칭따오,31,7
하얼빈,blog,주문,30,8
하얼빈,blog,추천,21,9
하얼빈,blog,중식,19,10
하얼빈,blog,메뉴,18,11
하얼빈,blog,한국,17,12
하얼빈,blog,도시,17,13
하얼빈,blog,고량주,17,14
하얼빈,blog,갈비,17,15
하얼빈,blog,가지,15,16
하얼빈,blog,바로,15,17
하얼빈,blog,구역,15,18
하얼빈,blog,의사,14,19
하얼빈,blog,가격,14,20
하얼빈,blog,하얼빈역,13,21
하얼빈,blog,양고기,13,22
하얼빈,blog,압구정,13,23
하얼빈,blog,홍콩,12,24
하얼빈,blog,준비,12,25
하얼빈,blog,로우,12,26
하얼빈,blog,우리,12,27
하얼빈,blog,택시,12,28
하얼빈,blog,의거,11,29
하얼빈,blog,역사,11,30
노량: 죽음의 바다,combined,김한민,42,1
노량: 죽음의 바다,combined,명량,40,2
노량: 죽음의 바다,combined,감독,38,3
노량: 죽음의 바다,combined,한산,35,4
노량: 죽음의 바다,combined,이순신,33,5
노량: 죽음의 바다,combined,출현,26,6
노량: 죽음의 바다,combined,액션,25,7
노량: 죽음의 바다,combined,용의,25,8
노량: 죽음의 바다,combined,사극,22,9
노량: 죽음의 바다,combined,역사,18,10
노량: 죽음의 바다,combined,드라마,18,11
노량: 죽음의 바다,combined,흥행,16,12
노량: 죽음의 바다,combined,박보검,16,13
노량: 죽음의 바다,combined,작품,15,14
노량: 죽음의 바다,combined,전투,14,15
노량: 죽음의 바다,combined,마지막,13,16
노량: 죽음의 바다,combined,최종병기,13,17
노량: 죽음의 바다,combined,전쟁,10,18
노량: 죽음의 바다,combined,장군,10,19
노량: 죽음의 바다,combined,부작,10,20
노량: 죽음의 바다,combined,신작,10,21
노량: 죽음의 바다,combined,배경,9,22
노량: 죽음의 바다,combined,출연,9,23
노량: 죽음의 바다,combined,바다로,9,24
노량: 죽음의 바다,combined,이번,9,25
노량: 죽음의 바다,combined,신화,9,26
노량: 죽음의 바다,combined,임진왜란,8,27
노량: 죽음의 바다,combined,이후,8,28
노량: 죽음의 바다,combined,해적,8,29
노량: 죽음의 바다,combined,해전,8,30
노량: 죽음의 바다,blog,김한민,42,1
노량: 죽음의 바다,blog,명량,40,2
노량: 죽음의 바다,blog,감독,38,3
노량: 죽음의 바다,blog,한산,35,4
노량: 죽음의 바다,blog,이순신,33,5
노량: 죽음의 바다,blog,출현,26,6
노량: 죽음의 바다,blog,액션,25,7
노량: 죽음의 바다,blog,용의,25,8
노량: 죽음의 바다,blog,사극,22,9
노량: 죽음의 바다,blog,역사,18,10
노량: 죽음의 바다,blog,드라마,18,11
노량: 죽음의 바다,blog,흥행,16,12
노량: 죽음의 바다,blog,박보검,16,13
노량: 죽음의 바다,blog,작품,15,14
노량: 죽음의 바다,blog,전투,14,15
노량: 죽음의 바다,blog,마지막,13,16
노량: 죽음의 바다,blog,최종병기,13,17
노량: 죽음의 바다,blog,전쟁,10,18
노량: 죽음의 바다,blog,장군,10,19
노량: 죽음의 바다,blog,부작,10,20
노량: 죽음의 바다,blog,신작,10,21
노량: 죽음의 바다,blog,배경,9,22
노량: 죽음의 바다,blog,출연,9,23
노량: 죽음의 바다,blog,바다로,9,24
노량: 죽음의 바다,blog,이번,9,25
노량: 죽음의 바다,blog,신화,9,26
노량: 죽음의 바다,blog,임진왜란,8,27
노량: 죽음의 바다,blog,이후,8,28
노량: 죽음의 바다,blog,해적,8,29
노량: 죽음의 바다,blog,해전,8,30
엑시트,combined,전략,73,1
엑시트,combined,투자,63,2
엑시트,combined,투자자,33,3
엑시트,combined,시장,31,4
엑시트,combined,주가,31,5
엑시트,combined,자금,30,6
엑시트,combined,회수,27,7
엑시트,combined,상장,26,8
엑시트,combined,가치,26,9
엑시트,combined,수익,26,10
엑시트,combined,기업,24,11
엑시트,combined,성공,22,12
엑시트,combined,분석,21,13
엑시트,combined,물량,21,14
엑시트,combined,매도,20,15
엑시트,combined,사모펀드,20,16
엑시트,combined,매각,19,17
엑시트,combined,주식,18,18
엑시트,combined,경매,16,19
엑시트,combined,리스크,15,20
엑시트,combined,핵심,14,21
엑시트,combined,통해,13,22
엑시트,combined,사례,13,23
엑시트,combined,매매,13,24
엑시트,combined,자산,13,25
엑시트,combined,자본,13,26
엑시트,combined,시간,13,27
엑시트,combined,대여,13,28
엑시트,combined,인수,12,29
엑시트,combined,현재,12,30
엑시트,blog,전략,73,1
엑시트,blog,투자,63,2
엑시트,blog,투자자,33,3
엑시트,blog,시장,31,4
엑시트,blog,주가,31,5
엑시트,blog,자금,30,6
엑시트,blog,회수,27,7
엑시트,blog,상장,26,8
엑시트,blog,가치,26,9
엑시트,blog,수익,26,10
엑시트,blog,기업,24,11
엑시트,blog,성공,22,12
엑시트,blog,분석,21,13
엑시트,blog,물량,21,14
엑시트,blog,매도,20,15
엑시트,blog,사모펀드,20,16
엑시트,blog,매각,19,17
엑시트,blog,주식,18,18
엑시트,blog,경매,16,19
엑시트,blog,리스크,15,20
엑시트,blog,핵심,14,21
엑시트,blog,통해,13,22
엑시트,blog,사례,13,23
엑시트,blog,매매,13,24
엑시트,blog,자산,13,25
엑시트,blog,자본,13,26
엑시트,blog,시간,13,27
엑시트,blog,대여,13,28
엑시트,blog,인수,12,29
엑시트,blog,현재,12,30
백두산,combined,여행,78,1
백두산,combined,청주,53,2
백두산,combined,천지,39,3
백두산,combined,출발,32,4
백두산,combined,대표,26,5
백두산,combined,우리,25,6
백두산,combined,퀴즈,23,7
백두산,combined,호랑이,20,8
백두산,combined,한국사,20,9
백두산,combined,중국,19,10
백두산,combined,원장,19,11
백두산,combined,한국,17,12
백두산,combined,역사,16,13
백두산,combined,포에버,16,14
백두산,combined,백두산정계비,14,15
백두산,combined,지금,13,16
백두산,combined,시작,13,17
백두산,combined,장가계,12,18
백두산,combined,가장,12,19
백두산,combined,연길,12,20
백두산,combined,바로,12,21
백두산,combined,낚시,12,22
백두산,combined,추천,12,23
백두산,combined,북파,12,24
백두산,combined,정답,12,25
백두산,combined,직항,11,26
백두산,combined,관광,11,27
백두산,combined,이번,11,28
백두산,combined,패키지,11,29
백두산,combined,판매,11,30
백두산,blog,여행,78,1
백두산,blog,청주,53,2
백두산,blog,천지,39,3
백두산,blog,출발,32,4
백두산,blog,대표,26,5
백두산,blog,우리,25,6
백두산,blog,퀴즈,23,7
백두산,blog,호랑이,20,8
백두산,blog,한국사,20,9
백두산,blog,중국,19,10
백두산,blog,원장,19,11
백두산,blog,한국,17,12
백두산,blog,역사,16,13
백두산,blog,포에버,16,14
백두산,blog,백두산정계비,14,15
백두산,blog,지금,13,16
백두산,blog,시작,13,17
백두산,blog,장가계,12,18
백두산,blog,가장,12,19
백두산,blog,연길,12,20
백두산,blog,바로,12,21
백두산,blog,낚시,12,22
백두산,blog,추천,12,23
백두산,blog,북파,12,24
백두산,blog,정답,12,25
백두산,blog,직항,11,26
백두산,blog,관광,11,27
백두산,blog,이번,11,28
백두산,blog,패키지,11,29
백두산,blog,판매,11,30
안시성,combined,고구려,85,1
안시성,combined,전투,68,2
안시성,combined,역사,37,3
안시성,combined,한국사,29,4
안시성,combined,안전,28,5
안시성,combined,당나라,28,6
안시성,combined,배우,24,7
안시성,combined,드라마,24,8
안시성,combined,리포트,22,9
안시성,combined,현장,22,10
안시성,combined,작품,22,11
안시성,combined,태종,21,12
안시성,combined,양만춘,21,13
안시성,combined,공격,20,14
안시성,combined,토산,19,15
안시성,combined,장르,19,16
안시성,combined,조인성,19,17
안시성,combined,멸망,18,18
안시성,combined,전쟁,17,19
안시성,combined,한국,17,20
안시성,combined,이후,17,21
안시성,combined,퀴즈,17,22
안시성,combined,우리,16,23
안시성,combined,건설,16,24
안시성,combined,액션,16,25
안시성,combined,연개소문,15,26
안시성,combined,대군,15,27
안시성,combined,출연,15,28
안시성,combined,사극,15,29
안시성,combined,승리,14,30
안시성,blog,고구려,85,1
안시성,blog,전투,68,2
안시성,blog,역사,37,3
안시성,blog,한국사,29,4
안시성,blog,안전,28,5
안시성,blog,당나라,28,6
안시성,blog,배우,24,7
안시성,blog,드라마,24,8
안시성,blog,리포트,22,9
안시성,blog,현장,22,10
안시성,blog,작품,22,11
안시성,blog,태종,21,12
안시성,blog,양만춘,21,13
안시성,blog,공격,20,14
안시성,blog,토산,19,15
안시성,blog,장르,19,16
안시성,blog,조인성,19,17
안시성,blog,멸망,18,18
안시성,blog,전쟁,17,19
안시성,blog,한국,17,20
안시성,blog,이후,17,21
안시성,blog,퀴즈,17,22
안시성,blog,우리,16,23
안시성,blog,건설,16,24
안시성,blog,액션,16,25
안시성,blog,연개소문,15,26
안시성,blog,대군,15,27
안시성,blog,출연,15,28
안시성,blog,사극,15,29
안시성,blog,승리,14,30
내부자들,combined,부작,85,1
내부자들,combined,드라마,84,2
내부자들,combined,제작,62,3
내부자들,combined,매도,34,4
내부자들,combined,클라이맥스,34,5
내부자들,combined,주식,30,6
내부자들,combined,서울,27,7
내부자들,combined,작품,26,8
내부자들,combined,미디어,26,9
내부자들,combined,권력,25,10
내부자들,combined,최근,25,11
내부자들,combined,하이브,25,12
내부자들,combined,코프,25,13
내부자들,combined,주지훈,25,14
내부자들,combined,프리퀄,25,15
내부자들,combined,주가,22,16
내부자들,combined,범죄,21,17
내부자들,combined,소식,21,18
내부자들,combined,감독,20,19
내부자들,combined,시작,20,20
내부자들,combined,이번,19,21
내부자들,combined,확정,18,22
내부자들,combined,다시,18,23
내부자들,combined,기업,18,24
내부자들,combined,발표,18,25
내부자들,combined,장르,18,26
내부자들,combined,정치,17,27
내부자들,combined,배우,17,28
내부자들,combined,한국,17,29
내부자들,combined,확장,16,30
내부자들,blog,부작,85,1
내부자들,blog,드라마,84,2
내부자들,blog,제작,62,3
내부자들,blog,매도,34,4
내부자들,blog,클라이맥스,34,5
내부자들,blog,주식,30,6
내부자들,blog,서울,27,7
내부자들,blog,작품,26,8
내부자들,blog,미디어,26,9
내부자들,blog,권력,25,10
내부자들,blog,최근,25,11
내부자들,blog,하이브,25,12
내부자들,blog,코프,25,13
내부자들,blog,주지훈,25,14
내부자들,blog,프리퀄,25,15
내부자들,blog,주가,22,16
내부자들,blog,범죄,21,17
내부자들,blog,소식,21,18
내부자들,blog,감독,20,19
내부자들,blog,시작,20,20
내부자들,blog,이번,19,21
내부자들,blog,확정,18,22
내부자들,blog,다시,18,23
내부자들,blog,기업,18,24
내부자들,blog,발표,18,25
내부자들,blog,장르,18,26
내부자들,blog,정치,17,27
내부자들,blog,배우,17,28
내부자들,blog,한국,17,29
내부자들,blog,확장,16,30
인천상륙작전,combined,작전,63,1
인천상륙작전,combined,전쟁,55,2
인천상륙작전,combined,기념관,52,3
인천상륙작전,combined,상륙,44,4
인천상륙작전,combined,전통주,44,5
인천상륙작전,combined,맥아더,40,6
인천상륙작전,combined,한국,38,7
인천상륙작전,combined,역사,36,8
인천상륙작전,combined,장사,36,9
인천상륙작전,combined,송도,33,10
인천상륙작전,combined,장군,33,11
인천상륙작전,combined,우리,29,12
인천상륙작전,combined,박물관,24,13
인천상륙작전,combined,여행,23,14
인천상륙작전,combined,카페,22,15
인천상륙작전,combined,공원,21,16
인천상륙작전,combined,대한민국,20,17
인천상륙작전,combined,차이나타운,20,18
인천상륙작전,combined,연수구,19,19
인천상륙작전,combined,서울,19,20
인천상륙작전,combined,북한,19,21
인천상륙작전,combined,시간,18,22
인천상륙작전,combined,다시,17,23
인천상륙작전,combined,추천,17,24
인천상륙작전,combined,성공,17,25
인천상륙작전,combined,이야기,16,26
인천상륙작전,combined,전투,16,27
인천상륙작전,combined,미국,16,28
인천상륙작전,combined,상회,16,29
인천상륙작전,combined,맛집,15,30
인천상륙작전,blog,작전,63,1
인천상륙작전,blog,전쟁,55,2
인천상륙작전,blog,기념관,52,3
인천상륙작전,blog,상륙,44,4
인천상륙작전,blog,전통주,44,5
인천상륙작전,blog,맥아더,40,6
인천상륙작전,blog,한국,38,7
인천상륙작전,blog,역사,36,8
인천상륙작전,blog,장사,36,9
인천상륙작전,blog,송도,33,10
인천상륙작전,blog,장군,33,11
인천상륙작전,blog,우리,29,12
인천상륙작전,blog,박물관,24,13
인천상륙작전,blog,여행,23,14
인천상륙작전,blog,카페,22,15
인천상륙작전,blog,공원,21,16
인천상륙작전,blog,대한민국,20,17
인천상륙작전,blog,차이나타운,20,18
인천상륙작전,blog,연수구,19,19
인천상륙작전,blog,서울,19,20
인천상륙작전,blog,북한,19,21
인천상륙작전,blog,시간,18,22
인천상륙작전,blog,다시,17,23
인천상륙작전,blog,추천,17,24
인천상륙작전,blog,성공,17,25
인천상륙작전,blog,이야기,16,26
인천상륙작전,blog,전투,16,27
인천상륙작전,blog,미국,16,28
인천상륙작전,blog,상회,16,29
인천상륙작전,blog,맛집,15,30
마스터,combined,청소,29,1
마스터,combined,에어컨,24,2
마스터,combined,꿀팁,20,3
마스터,combined,정리,18,4
마스터,combined,추천,16,5
마스터,combined,이번,16,6
마스터,combined,관리,16,7
마스터,combined,활용,16,8
마스터,combined,영어,16,9
마스터,combined,열쇠,16,10
마스터,combined,바로,15,11
마스터,combined,선택,15,12
마스터,combined,우리,15,13
마스터,combined,여러분,15,14
마스터,combined,일정,15,15
마스터,combined,교체,14,16
마스터,combined,운동,14,17
마스터,combined,사용,14,18
마스터,combined,직접,14,19
마스터,combined,확인,13,20
마스터,combined,시간,13,21
마스터,combined,유리,13,22
마스터,combined,방법,12,23
마스터,combined,학원,12,24
마스터,combined,기술,12,25
마스터,combined,수업,12,26
마스터,combined,피부,12,27
마스터,combined,수학,11,28
마스터,combined,비법,11,29
마스터,combined,진행,11,30
마스터,blog,청소,29,1
마스터,blog,에어컨,24,2
마스터,blog,꿀팁,20,3
마스터,blog,정리,18,4
마스터,blog,추천,16,5
마스터,blog,이번,16,6
마스터,blog,관리,16,7
마스터,blog,활용,16,8
마스터,blog,영어,16,9
마스터,blog,열쇠,16,10
마스터,blog,바로,15,11
마스터,blog,선택,15,12
마스터,blog,우리,15,13
마스터,blog,여러분,15,14
마스터,blog,일정,15,15
마스터,blog,교체,14,16
마스터,blog,운동,14,17
마스터,blog,사용,14,18
마스터,blog,직접,14,19
마스터,blog,확인,13,20
마스터,blog,시간,13,21
마스터,blog,유리,13,22
마스터,blog,방법,12,23
마스터,blog,학원,12,24
마스터,blog,기술,12,25
마스터,blog,수업,12,26
마스터,blog,피부,12,27
마스터,blog,수학,11,28
마스터,blog,비법,11,29
마스터,blog,진행,11,30
청년경찰,combined,혐의,37,1
청년경찰,combined,경태,32,2
청년경찰,combined,사건,30,3
청년경찰,combined,보이스피싱,27,4
청년경찰,combined,조사,27,5
청년경찰,combined,수사,24,6
청년경찰,combined,이란,24,7
청년경찰,combined,의원,24,8
청년경찰,combined,민주당,23,9
청년경찰,combined,정치,22,10
청년경찰,combined,변호사,22,11
청년경찰,combined,광화문,20,12
청년경찰,combined,성추행,20,13
청년경찰,combined,위원회,19,14
청년경찰,combined,송치,18,15
청년경찰,combined,검찰,15,16
청년경찰,combined,준비,15,17
청년경찰,combined,사회,15,18
청년경찰,combined,뉴스,14,19
청년경찰,combined,공연,14,20
청년경찰,combined,프로필,14,21
청년경찰,combined,탈당,14,22
청년경찰,combined,심의,14,23
청년경찰,combined,지원,14,24
청년경찰,combined,검사,14,25
청년경찰,combined,세대,14,26
청년경찰,combined,세계,14,27
청년경찰,combined,서울,13,28
청년경찰,combined,위해,13,29
청년경찰,combined,정리,13,30
청년경찰,blog,혐의,37,1
청년경찰,blog,경태,32,2
청년경찰,blog,사건,30,3
청년경찰,blog,보이스피싱,27,4
청년경찰,blog,조사,27,5
청년경찰,blog,수사,24,6
청년경찰,blog,이란,24,7
청년경찰,blog,의원,24,8
청년경찰,blog,민주당,23,9
청년경찰,blog,정치,22,10
청년경찰,blog,변호사,22,11
청년경찰,blog,광화문,20,12
청년경찰,blog,성추행,20,13
청년경찰,blog,위원회,19,14
청년경찰,blog,송치,18,15
청년경찰,blog,검찰,15,16
청년경찰,blog,준비,15,17
청년경찰,blog,사회,15,18
청년경찰,blog,뉴스,14,19
청년경찰,blog,공연,14,20
청년경찰,blog,프로필,14,21
청년경찰,blog,탈당,14,22
청년경찰,blog,심의,14,23
청년경찰,blog,지원,14,24
청년경찰,blog,검사,14,25
청년경찰,blog,세대,14,26
청년경찰,blog,세계,14,27
청년경찰,blog,서울,13,28
청년경찰,blog,위해,13,29
청년경찰,blog,정리,13,30
1987,combined,운세,38,1
1987,combined,이후,23,2
1987,combined,맛집,21,3
1987,combined,갈비,20,4
1987,combined,족발,18,5
1987,combined,포천,17,6
1987,combined,토끼띠,17,7
1987,combined,미국,16,8
1987,combined,폭락,16,9
1987,combined,나이,15,10
1987,combined,작품,14,11
1987,combined,시간,13,12
1987,combined,가장,13,13
1987,combined,띠별,13,14
1987,combined,사람,12,15
1987,combined,세계,12,16
1987,combined,일본,12,17
1987,combined,이동,12,18
1987,combined,주변,11,19
1987,combined,서울,11,20
1987,combined,한국,11,21
1987,combined,대표,10,22
1987,combined,데뷔,10,23
1987,combined,우리,10,24
1987,combined,정리,10,25
1987,combined,연남,10,26
1987,combined,여행,9,27
1987,combined,출생,9,28
1987,combined,본점,9,29
1987,combined,현대,9,30
1987,blog,운세,38,1
1987,blog,이후,23,2
1987,blog,맛집,21,3
1987,blog,갈비,20,4
1987,blog,족발,18,5
1987,blog,포천,17,6
1987,blog,토끼띠,17,7
1987,blog,미국,16,8
1987,blog,폭락,16,9
1987,blog,나이,15,10
1987,blog,작품,14,11
1987,blog,시간,13,12
1987,blog,가장,13,13
1987,blog,띠별,13,14
1987,blog,사람,12,15
1987,blog,세계,12,16
1987,blog,일본,12,17
1987,blog,이동,12,18
1987,blog,주변,11,19
1987,blog,서울,11,20
1987,blog,한국,11,21
1987,blog,대표,10,22
1987,blog,데뷔,10,23
1987,blog,우리,10,24
1987,blog,정리,10,25
1987,blog,연남,10,26
1987,blog,여행,9,27
1987,blog,출생,9,28
1987,blog,본점,9,29
1987,blog,현대,9,30
완벽한 타인,combined,완벽,138,1
완벽한 타인,combined,과외,109,2
완벽한 타인,combined,영어,103,3
완벽한 타인,combined,정리,89,4
완벽한 타인,combined,수업,57,5
완벽한 타인,combined,자신,44,6
완벽한 타인,combined,추천,42,7
완벽한 타인,combined,개별,38,8
완벽한 타인,combined,시선,37,9
완벽한 타인,combined,화형,37,10
완벽한 타인,combined,밀착,37,11
완벽한 타인,combined,사람,32,12
완벽한 타인,combined,수학,29,13
완벽한 타인,combined,과정,27,14
완벽한 타인,combined,맞춤,25,15
완벽한 타인,combined,마음,23,16
완벽한 타인,combined,가이드,20,17
완벽한 타인,combined,고등학생,20,18
완벽한 타인,combined,이해,19,19
완벽한 타인,combined,시간,17,20
완벽한 타인,combined,생각,16,21
완벽한 타인,combined,메타,16,22
완벽한 타인,combined,스스로,15,23
완벽한 타인,combined,최고,15,24
완벽한 타인,combined,아이,15,25
완벽한 타인,combined,비교,14,26
완벽한 타인,combined,방법,14,27
완벽한 타인,combined,관리,14,28
완벽한 타인,combined,분석,14,29
완벽한 타인,combined,주의,14,30
완벽한 타인,blog,완벽,138,1
완벽한 타인,blog,과외,109,2
완벽한 타인,blog,영어,103,3
완벽한 타인,blog,정리,89,4
완벽한 타인,blog,수업,57,5
완벽한 타인,blog,자신,44,6
완벽한 타인,blog,추천,42,7
완벽한 타인,blog,개별,38,8
완벽한 타인,blog,시선,37,9
완벽한 타인,blog,화형,37,10
완벽한 타인,blog,밀착,37,11
완벽한 타인,blog,사람,32,12
완벽한 타인,blog,수학,29,13
완벽한 타인,blog,과정,27,14
완벽한 타인,blog,맞춤,25,15
완벽한 타인,blog,마음,23,16
완벽한 타인,blog,가이드,20,17
완벽한 타인,blog,고등학생,20,18
완벽한 타인,blog,이해,19,19
완벽한 타인,blog,시간,17,20
완벽한 타인,blog,생각,16,21
완벽한 타인,blog,메타,16,22
완벽한 타인,blog,스스로,15,23
완벽한 타인,blog,최고,15,24
완벽한 타인,blog,아이,15,25
완벽한 타인,blog,비교,14,26
완벽한 타인,blog,방법,14,27
완벽한 타인,blog,관리,14,28
완벽한 타인,blog,분석,14,29
완벽한 타인,blog,주의,14,30
독전,combined,배우,97,1
독전,combined,진서연,74,2
독전,combined,작품,49,3
독전,combined,드라마,48,4
독전,combined,활동,46,5
독전,combined,연기,44,6
독전,combined,범죄,36,7
독전,combined,출연,34,8
독전,combined,독서,26,9
독전,combined,액션,25,10
독전,combined,프로필,25,11
독전,combined,장르,24,12
독전,combined,한효주,22,13
독전,combined,넷플릭스,22,14
독전,combined,근황,20,15
독전,combined,촬영,19,16
독전,combined,추천,19,17
독전,combined,최근,18,18
독전,combined,캐릭터,17,19
독전,combined,이후,16,20
독전,combined,대표,16,21
독전,combined,김성경,16,22
독전,combined,독후,15,23
독전,combined,하루,15,24
독전,combined,라디오스타,14,25
독전,combined,남자,14,26
독전,combined,김성령,14,27
독전,combined,대사,13,28
독전,combined,이야기,13,29
독전,combined,그녀,13,30
독전,blog,배우,97,1
독전,blog,진서연,74,2
독전,blog,작품,49,3
독전,blog,드라마,48,4
독전,blog,활동,46,5
독전,blog,연기,44,6
독전,blog,범죄,36,7
독전,blog,출연,34,8
독전,blog,독서,26,9
독전,blog,액션,25,10
독전,blog,프로필,25,11
독전,blog,장르,24,12
독전,blog,한효주,22,13
독전,blog,넷플릭스,22,14
독전,blog,근황,20,15
독전,blog,촬영,19,16
독전,blog,추천,19,17
독전,blog,최근,18,18
독전,blog,캐릭터,17,19
독전,blog,이후,16,20
독전,blog,대표,16,21
독전,blog,김성경,16,22
독전,blog,독후,15,23
독전,blog,하루,15,24
독전,blog,라디오스타,14,25
독전,blog,남자,14,26
독전,blog,김성령,14,27
독전,blog,대사,13,28
독전,blog,이야기,13,29
독전,blog,그녀,13,30
강철비,combined,배우,33,1
강철비,combined,드라마,25,2
강철비,combined,작품,19,3
강철비,combined,김지호,16,4
강철비,combined,집속탄,16,5
강철비,combined,비빔국수,15,6
강철비,combined,프로필,14,7
강철비,combined,한국,13,8
강철비,combined,정상회담,13,9
강철비,combined,망향,12,10
강철비,combined,연기,11,11
강철비,combined,액션,11,12
강철비,combined,맛집,10,13
강철비,combined,출연,9,14
강철비,combined,최근,9,15
강철비,combined,이란,9,16
강철비,combined,본점,9,17
강철비,combined,나이,8,18
강철비,combined,북한,8,19
강철비,combined,주연,8,20
강철비,combined,촬영,8,21
강철비,combined,역할,7,22
강철비,combined,이후,7,23
강철비,combined,무기,7,24
강철비,combined,미국,7,25
강철비,combined,활동,7,26
강철비,combined,양우석,7,27
강철비,combined,국수,7,28
강철비,combined,사진,7,29
강철비,combined,도서관,7,30
강철비,blog,배우,33,1
강철비,blog,드라마,25,2
강철비,blog,작품,19,3
강철비,blog,김지호,16,4
강철비,blog,집속탄,16,5
강철비,blog,비빔국수,15,6
강철비,blog,프로필,14,7
강철비,blog,한국,13,8
강철비,blog,정상회담,13,9
강철비,blog,망향,12,10
강철비,blog,연기,11,11
강철비,blog,액션,11,12
강철비,blog,맛집,10,13
강철비,blog,출연,9,14
강철비,blog,최근,9,15
강철비,blog,이란,9,16
강철비,blog,본점,9,17
강철비,blog,나이,8,18
강철비,blog,북한,8,19
강철비,blog,주연,8,20
강철비,blog,촬영,8,21
강철비,blog,역할,7,22
강철비,blog,이후,7,23
강철비,blog,무기,7,24
강철비,blog,미국,7,25
강철비,blog,활동,7,26
강철비,blog,양우석,7,27
강철비,blog,국수,7,28
강철비,blog,사진,7,29
강철비,blog,도서관,7,30
남한산성,combined,맛집,178,1
남한산성,combined,성남,79,2
남한산성,combined,구역,62,3
남한산성,combined,광주시,54,4
남한산성,combined,경기도,43,5
남한산성,combined,광주,42,6
남한산성,combined,위례,37,7
남한산성,combined,코스,35,8
남한산성,combined,위치,32,9
남한산성,combined,산성면,31,10
남한산성,combined,백숙,26,11
남한산성,combined,고기,26,12
남한산성,combined,경기,25,13
남한산성,combined,카페,25,14
남한산성,combined,서울,24,15
남한산성,combined,추천,22,16
남한산성,combined,방문,22,17
남한산성,combined,지역,21,18
남한산성,combined,거여,20,19
남한산성,combined,금광동,20,20
남한산성,combined,벚꽃,20,21
남한산성,combined,휴대폰,20,22
남한산성,combined,신흥역,19,23
남한산성,combined,등산,19,24
남한산성,combined,은행동,19,25
남한산성,combined,거여동,19,26
남한산성,combined,장작,18,27
남한산성,combined,여행,18,28
남한산성,combined,중원구,18,29
남한산성,combined,소고기,18,30
남한산성,blog,맛집,178,1
남한산성,blog,성남,79,2
남한산성,blog,구역,62,3
남한산성,blog,광주시,54,4
남한산성,blog,경기도,43,5
남한산성,blog,광주,42,6
남한산성,blog,위례,37,7
남한산성,blog,코스,35,8
남한산성,blog,위치,32,9
남한산성,blog,산성면,31,10
남한산성,blog,백숙,26,11
남한산성,blog,고기,26,12
남한산성,blog,경기,25,13
남한산성,blog,카페,25,14
남한산성,blog,서울,24,15
남한산성,blog,추천,22,16
남한산성,blog,방문,22,17
남한산성,blog,지역,21,18
남한산성,blog,거여,20,19
남한산성,blog,금광동,20,20
남한산성,blog,벚꽃,20,21
남한산성,blog,휴대폰,20,22
남한산성,blog,신흥역,19,23
남한산성,blog,등산,19,24
남한산성,blog,은행동,19,25
남한산성,blog,거여동,19,26
남한산성,blog,장작,18,27
남한산성,blog,여행,18,28
남한산성,blog,중원구,18,29
남한산성,blog,소고기,18,30
꾼,combined,해몽,41,1
꾼,combined,이유,37,2
꾼,combined,정기,31,3
꾼,combined,로또,31,4
꾼,combined,착용,29,5
꾼,combined,현실,29,6
꾼,combined,사람,27,7
꾼,combined,상황,24,8
꾼,combined,기분,20,9
꾼,combined,심리,20,10
꾼,combined,재물,19,11
꾼,combined,정리,19,12
꾼,combined,교정,19,13
꾼,combined,우리,18,14
꾼,combined,이야기,16,15
꾼,combined,때문,16,16
꾼,combined,의미,16,17
꾼,combined,행운,16,18
꾼,combined,생각,15,19
꾼,combined,마음,15,20
꾼,combined,치아,14,21
꾼,combined,해석,14,22
꾼,combined,번호,14,23
꾼,combined,일상,13,24
꾼,combined,악몽,13,25
꾼,combined,방법,13,26
꾼,combined,낚시,12,27
꾼,combined,고민,12,28
꾼,combined,실제,12,29
꾼,combined,꿈속,12,30
꾼,blog,해몽,41,1
꾼,blog,이유,37,2
꾼,blog,정기,31,3
꾼,blog,로또,31,4
꾼,blog,착용,29,5
꾼,blog,현실,29,6
꾼,blog,사람,27,7
꾼,blog,상황,24,8
꾼,blog,기분,20,9
꾼,blog,심리,20,10
꾼,blog,재물,19,11
꾼,blog,정리,19,12
꾼,blog,교정,19,13
꾼,blog,우리,18,14
꾼,blog,이야기,16,15
꾼,blog,때문,16,16
꾼,blog,의미,16,17
꾼,blog,행운,16,18
꾼,blog,생각,15,19
꾼,blog,마음,15,20
꾼,blog,치아,14,21
꾼,blog,해석,14,22
꾼,blog,번호,14,23
꾼,blog,일상,13,24
꾼,blog,악몽,13,25
꾼,blog,방법,13,26
꾼,blog,낚시,12,27
꾼,blog,고민,12,28
꾼,blog,실제,12,29
꾼,blog,꿈속,12,30
히말라야,combined,소금,96,1
히말라야,combined,솔트,87,2
히말라야,combined,핑크,85,3
히말라야,combined,맛집,60,4
히말라야,combined,고기,37,5
히말라야,combined,소스,34,6
히말라야,combined,와사비,25,7
히말라야,combined,인도,25,8
히말라야,combined,추천,22,9
히말라야,combined,카츠,20,10
히말라야,combined,돈까스,20,11
히말라야,combined,산맥,19,12
히말라야,combined,사용,19,13
히말라야,combined,돈카츠,18,14
히말라야,combined,샴푸,15,15
히말라야,combined,네팔,14,16
히말라야,combined,제품,13,17
히말라야,combined,티베트,13,18
히말라야,combined,자연,13,19
히말라야,combined,성분,13,20
히말라야,combined,지역,13,21
히말라야,combined,하나,13,22
히말라야,combined,패드,13,23
히말라야,combined,가장,12,24
히말라야,combined,선물,11,25
히말라야,combined,안심,11,26
히말라야,combined,세트,11,27
히말라야,combined,샐러드,11,28
히말라야,combined,느낌,10,29
히말라야,combined,가지,10,30
히말라야,blog,소금,96,1
히말라야,blog,솔트,87,2
히말라야,blog,핑크,85,3
히말라야,blog,맛집,60,4
히말라야,blog,고기,37,5
히말라야,blog,소스,34,6
히말라야,blog,와사비,25,7
히말라야,blog,인도,25,8
히말라야,blog,추천,22,9
히말라야,blog,카츠,20,10
히말라야,blog,돈까스,20,11
히말라야,blog,산맥,19,12
히말라야,blog,사용,19,13
히말라야,blog,돈카츠,18,14
히말라야,blog,샴푸,15,15
히말라야,blog,네팔,14,16
히말라야,blog,제품,13,17
히말라야,blog,티베트,13,18
히말라야,blog,자연,13,19
히말라야,blog,성분,13,20
히말라야,blog,지역,13,21
히말라야,blog,하나,13,22
히말라야,blog,패드,13,23
히말라야,blog,가장,12,24
히말라야,blog,선물,11,25
히말라야,blog,안심,11,26
히말라야,blog,세트,11,27
히말라야,blog,샐러드,11,28
히말라야,blog,느낌,10,29
히말라야,blog,가지,10,30
모가디슈,combined,민트,147,1
모가디슈,combined,류승완,144,2
모가디슈,combined,감독,140,3
모가디슈,combined,액션,85,4
모가디슈,combined,조인성,76,5
모가디슈,combined,베를린,69,6
모가디슈,combined,밀수,68,7
모가디슈,combined,작품,56,8
모가디슈,combined,베테,55,9
모가디슈,combined,배우,48,10
모가디슈,combined,흥행,40,11
모가디슈,combined,첩보,39,12
모가디슈,combined,드라마,34,13
모가디슈,combined,이번,31,14
모가디슈,combined,박정민,29,15
모가디슈,combined,한국,27,16
모가디슈,combined,출연,26,17
모가디슈,combined,연출,25,18
모가디슈,combined,관람,23,19
모가디슈,combined,소말리아,20,20
모가디슈,combined,교환,19,21
모가디슈,combined,정리,18,22
모가디슈,combined,연기,18,23
모가디슈,combined,해외,18,24
모가디슈,combined,블라디보스토크,15,25
모가디슈,combined,캐릭터,15,26
모가디슈,combined,관객수,15,27
모가디슈,combined,이후,14,28
모가디슈,combined,반도,14,29
모가디슈,combined,배경,14,30
모가디슈,blog,민트,147,1
모가디슈,blog,류승완,144,2
모가디슈,blog,감독,140,3
모가디슈,blog,액션,85,4
모가디슈,blog,조인성,76,5
모가디슈,blog,베를린,69,6
모가디슈,blog,밀수,68,7
모가디슈,blog,작품,56,8
모가디슈,blog,베테,55,9
모가디슈,blog,배우,48,10
모가디슈,blog,흥행,40,11
모가디슈,blog,첩보,39,12
모가디슈,blog,드라마,34,13
모가디슈,blog,이번,31,14
모가디슈,blog,박정민,29,15
모가디슈,blog,한국,27,16
모가디슈,blog,출연,26,17
모가디슈,blog,연출,25,18
모가디슈,blog,관람,23,19
모가디슈,blog,소말리아,20,20
모가디슈,blog,교환,19,21
모가디슈,blog,정리,18,22
모가디슈,blog,연기,18,23
모가디슈,blog,해외,18,24
모가디슈,blog,블라디보스토크,15,25
모가디슈,blog,캐릭터,15,26
모가디슈,blog,관객수,15,27
모가디슈,blog,이후,14,28
모가디슈,blog,반도,14,29
모가디슈,blog,배경,14,30
싱크홀,combined,공사,75,1
싱크홀,combined,발생,68,2
싱크홀,combined,현장,49,3
싱크홀,combined,도로,39,4
싱크홀,combined,사고,35,5
싱크홀,combined,지반,34,6
싱크홀,combined,배관,34,7
싱크홀,combined,안전,33,8
싱크홀,combined,지하,31,9
싱크홀,combined,보수,30,10
싱크홀,combined,문제,26,11
싱크홀,combined,때문,24,12
싱크홀,combined,작업,24,13
싱크홀,combined,지반침하,23,14
싱크홀,combined,하수,23,15
싱크홀,combined,관리,22,16
싱크홀,combined,점검,21,17
싱크홀,combined,누수,20,18
싱크홀,combined,진행,20,19
싱크홀,combined,부분,20,20
싱크홀,combined,침하,19,21
싱크홀,combined,파손,19,22
싱크홀,combined,이번,18,23
싱크홀,combined,상태,18,24
싱크홀,combined,상황,18,25
싱크홀,combined,아파트,17,26
싱크홀,combined,주변,16,27
싱크홀,combined,교체,16,28
싱크홀,combined,클럽,16,29
싱크홀,combined,건물,15,30
싱크홀,blog,공사,75,1
싱크홀,blog,발생,68,2
싱크홀,blog,현장,49,3
싱크홀,blog,도로,39,4
싱크홀,blog,사고,35,5
싱크홀,blog,지반,34,6
싱크홀,blog,배관,34,7
싱크홀,blog,안전,33,8
싱크홀,blog,지하,31,9
싱크홀,blog,보수,30,10
싱크홀,blog,문제,26,11
싱크홀,blog,때문,24,12
싱크홀,blog,작업,24,13
싱크홀,blog,지반침하,23,14
싱크홀,blog,하수,23,15
싱크홀,blog,관리,22,16
싱크홀,blog,점검,21,17
싱크홀,blog,누수,20,18
싱크홀,blog,진행,20,19
싱크홀,blog,부분,20,20
싱크홀,blog,침하,19,21
싱크홀,blog,파손,19,22
싱크홀,blog,이번,18,23
싱크홀,blog,상태,18,24
싱크홀,blog,상황,18,25
싱크홀,blog,아파트,17,26
싱크홀,blog,주변,16,27
싱크홀,blog,교체,16,28
싱크홀,blog,클럽,16,29
싱크홀,blog,건물,15,30
헌트,combined,마비,75,1
헌트,combined,안면,68,2
헌트,combined,세이,58,3
헌트,combined,증후군,55,4
헌트,combined,피트니스,51,5
헌트,combined,신경,39,6
헌트,combined,한강,33,7
헌트,combined,대상포진,31,8
헌트,combined,바이러스,29,9
헌트,combined,운동,24,10
헌트,combined,울산,23,11
헌트,combined,통증,20,12
헌트,combined,치료,20,13
헌트,combined,추천,18,14
헌트,combined,서울,18,15
헌트,combined,원인,18,16
헌트,combined,시간,18,17
헌트,combined,도쿄,17,18
헌트,combined,허니,17,19
헌트,combined,이유,17,20
헌트,combined,디즈니랜드,16,21
헌트,combined,정리,16,22
헌트,combined,선착장,16,23
헌트,combined,구안와사,16,24
헌트,combined,얼굴,16,25
헌트,combined,시작,16,26
헌트,combined,매곡,16,27
헌트,combined,스프링,15,28
헌트,combined,헬스장,15,29
헌트,combined,페스티벌,14,30
헌트,blog,마비,75,1
헌트,blog,안면,68,2
헌트,blog,세이,58,3
헌트,blog,증후군,55,4
헌트,blog,피트니스,51,5
헌트,blog,신경,39,6
헌트,blog,한강,33,7
헌트,blog,대상포진,31,8
헌트,blog,바이러스,29,9
헌트,blog,운동,24,10
헌트,blog,울산,23,11
헌트,blog,통증,20,12
헌트,blog,치료,20,13
헌트,blog,추천,18,14
헌트,blog,서울,18,15
헌트,blog,원인,18,16
헌트,blog,시간,18,17
헌트,blog,도쿄,17,18
헌트,blog,허니,17,19
헌트,blog,이유,17,20
헌트,blog,디즈니랜드,16,21
헌트,blog,정리,16,22
헌트,blog,선착장,16,23
헌트,blog,구안와사,16,24
헌트,blog,얼굴,16,25
헌트,blog,시작,16,26
헌트,blog,매곡,16,27
헌트,blog,스프링,15,28
헌트,blog,헬스장,15,29
헌트,blog,페스티벌,14,30
올빼미,combined,블랙박스,38,1
올빼미,combined,스릴러,28,2
올빼미,combined,유라,26,3
올빼미,combined,이브,26,4
올빼미,combined,시간,23,5
올빼미,combined,부엉이,18,6
올빼미,combined,아침,17,7
올빼미,combined,사극,17,8
올빼미,combined,유해진,15,9
올빼미,combined,동물,14,10
올빼미,combined,한국,14,11
올빼미,combined,소현세자,13,12
올빼미,combined,작품,13,13
올빼미,combined,소리,13,14
올빼미,combined,추천,13,15
올빼미,combined,사진,13,16
올빼미,combined,아이,13,17
올빼미,combined,역사,12,18
올빼미,combined,안태진,12,19
올빼미,combined,여행,12,20
올빼미,combined,넷플릭스,12,21
올빼미,combined,친구,12,22
올빼미,combined,우리,12,23
올빼미,combined,장착,11,24
올빼미,combined,카페,11,25
올빼미,combined,체험,11,26
올빼미,combined,정리,10,27
올빼미,combined,해석,10,28
올빼미,combined,자연,10,29
올빼미,combined,남자,10,30
올빼미,blog,블랙박스,38,1
올빼미,blog,스릴러,28,2
올빼미,blog,유라,26,3
올빼미,blog,이브,26,4
올빼미,blog,시간,23,5
올빼미,blog,부엉이,18,6
올빼미,blog,아침,17,7
올빼미,blog,사극,17,8
올빼미,blog,유해진,15,9
올빼미,blog,동물,14,10
올빼미,blog,한국,14,11
올빼미,blog,소현세자,13,12
올빼미,blog,작품,13,13
올빼미,blog,소리,13,14
올빼미,blog,추천,13,15
올빼미,blog,사진,13,16
올빼미,blog,아이,13,17
올빼미,blog,역사,12,18
올빼미,blog,안태진,12,19
올빼미,blog,여행,12,20
올빼미,blog,넷플릭스,12,21
올빼미,blog,친구,12,22
올빼미,blog,우리,12,23
올빼미,blog,장착,11,24
올빼미,blog,카페,11,25
올빼미,blog,체험,11,26
올빼미,blog,정리,10,27
올빼미,blog,해석,10,28
올빼미,blog,자연,10,29
올빼미,blog,남자,10,30
영웅,combined,임영웅,101,1
영웅,combined,건강,42,2
영웅,combined,브랜드,30,3
영웅,combined,가수,29,4
영웅,combined,평판,25,5
영웅,combined,치아,24,6
영웅,combined,우리,20,7
영웅,combined,방탄소년단,20,8
영웅,combined,이야기,19,9
영웅,combined,사람,18,10
영웅,combined,전쟁,17,11
영웅,combined,역사,16,12
영웅,combined,영웅시대,16,13
영웅,combined,액션,16,14
영웅,combined,기록,15,15
영웅,combined,이번,15,16
영웅,combined,역할,15,17
영웅,combined,축구,15,18
영웅,combined,리스,14,19
영웅,combined,마그네슘,14,20
영웅,combined,팬덤,13,21
영웅,combined,하나,12,22
영웅,combined,아이브,12,23
영웅,combined,위해,12,24
영웅,combined,아연,12,25
영웅,combined,전설,11,26
영웅,combined,별세,11,27
영웅,combined,결과,11,28
영웅,combined,응원,10,29
영웅,combined,관리,10,30
영웅,blog,임영웅,101,1
영웅,blog,건강,42,2
영웅,blog,브랜드,30,3
영웅,blog,가수,29,4
영웅,blog,평판,25,5
영웅,blog,치아,24,6
영웅,blog,우리,20,7
영웅,blog,방탄소년단,20,8
영웅,blog,이야기,19,9
영웅,blog,사람,18,10
영웅,blog,전쟁,17,11
영웅,blog,역사,16,12
영웅,blog,영웅시대,16,13
영웅,blog,액션,16,14
영웅,blog,기록,15,15
영웅,blog,이번,15,16
영웅,blog,역할,15,17
영웅,blog,축구,15,18
영웅,blog,리스,14,19
영웅,blog,마그네슘,14,20
영웅,blog,팬덤,13,21
영웅,blog,하나,12,22
영웅,blog,아이브,12,23
영웅,blog,위해,12,24
영웅,blog,아연,12,25
영웅,blog,전설,11,26
영웅,blog,별세,11,27
영웅,blog,결과,11,28
영웅,blog,응원,10,29
영웅,blog,관리,10,30
콘크리트 유토피아,combined,나철,191,1
콘크리트 유토피아,combined,배우,151,2
콘크리트 유토피아,combined,작품,97,3
콘크리트 유토피아,combined,드라마,89,4
콘크리트 유토피아,combined,마켓,86,5
콘크리트 유토피아,combined,이동휘,84,6
콘크리트 유토피아,combined,연기,70,7
콘크리트 유토피아,combined,김고은,67,8
콘크리트 유토피아,combined,직업,56,9
콘크리트 유토피아,combined,영웅,56,10
콘크리트 유토피아,combined,출연,54,11
콘크리트 유토피아,combined,극한,51,12
콘크리트 유토피아,combined,추모,50,13
콘크리트 유토피아,combined,유작,47,14
콘크리트 유토피아,combined,마지막,43,15
콘크리트 유토피아,combined,기억,38,16
콘크리트 유토피아,combined,넷플릭스,37,17
콘크리트 유토피아,combined,콘크리트유토피아,36,18
콘크리트 유토피아,combined,눈물,33,19
콘크리트 유토피아,combined,재난,27,20
콘크리트 유토피아,combined,퀴즈,26,21
콘크리트 유토피아,combined,마음,26,22
콘크리트 유토피아,combined,이야기,25,23
콘크리트 유토피아,combined,주기,25,24
콘크리트 유토피아,combined,해피니스,25,25
콘크리트 유토피아,combined,악의,24,26
콘크리트 유토피아,combined,정리,23,27
콘크리트 유토피아,combined,세계관,23,28
콘크리트 유토피아,combined,이유,23,29
콘크리트 유토피아,combined,사망,22,30
콘크리트 유토피아,blog,나철,191,1
콘크리트 유토피아,blog,배우,151,2
콘크리트 유토피아,blog,작품,97,3
콘크리트 유토피아,blog,드라마,89,4
콘크리트 유토피아,blog,마켓,86,5
콘크리트 유토피아,blog,이동휘,84,6
콘크리트 유토피아,blog,연기,70,7
콘크리트 유토피아,blog,김고은,67,8
콘크리트 유토피아,blog,직업,56,9
콘크리트 유토피아,blog,영웅,56,10
콘크리트 유토피아,blog,출연,54,11
콘크리트 유토피아,blog,극한,51,12
콘크리트 유토피아,blog,추모,50,13
콘크리트 유토피아,blog,유작,47,14
콘크리트 유토피아,blog,마지막,43,15
콘크리트 유토피아,blog,기억,38,16
콘크리트 유토피아,blog,넷플릭스,37,17
콘크리트 유토피아,blog,콘크리트유토피아,36,18
콘크리트 유토피아,blog,눈물,33,19
콘크리트 유토피아,blog,재난,27,20
콘크리트 유토피아,blog,퀴즈,26,21
콘크리트 유토피아,blog,마음,26,22
콘크리트 유토피아,blog,이야기,25,23
콘크리트 유토피아,blog,주기,25,24
콘크리트 유토피아,blog,해피니스,25,25
콘크리트 유토피아,blog,악의,24,26
콘크리트 유토피아,blog,정리,23,27
콘크리트 유토피아,blog,세계관,23,28
콘크리트 유토피아,blog,이유,23,29
콘크리트 유토피아,blog,사망,22,30
파일럿,combined,테슬라,43,1
파일럿,combined,모델,39,2
파일럿,combined,오토파일럿,36,3
파일럿,combined,확인,28,4
파일럿,combined,통해,27,5
파일럿,combined,주행,25,6
파일럿,combined,제약,23,7
파일럿,combined,가능성,22,8
파일럿,combined,시스템,21,9
파일럿,combined,기술,20,10
파일럿,combined,성공,20,11
파일럿,combined,기능,20,12
파일럿,combined,시장,19,13
파일럿,combined,볼보,17,14
파일럿,combined,글로벌,16,15
파일럿,combined,기본,16,16
파일럿,combined,정리,16,17
파일럿,combined,이번,16,18
파일럿,combined,미국,15,19
파일럿,combined,가격,15,20
파일럿,combined,데이터,15,21
파일럿,combined,주가,14,22
파일럿,combined,실제,14,23
파일럿,combined,기반,14,24
파일럿,combined,어시스트,14,25
파일럿,combined,라인,13,26
파일럿,combined,보조,13,27
파일럿,combined,설계,13,28
파일럿,combined,타이어,13,29
파일럿,combined,지금,13,30
파일럿,blog,테슬라,43,1
파일럿,blog,모델,39,2
파일럿,blog,오토파일럿,36,3
파일럿,blog,확인,28,4
파일럿,blog,통해,27,5
파일럿,blog,주행,25,6
파일럿,blog,제약,23,7
파일럿,blog,가능성,22,8
파일럿,blog,시스템,21,9
파일럿,blog,기술,20,10
파일럿,blog,성공,20,11
파일럿,blog,기능,20,12
파일럿,blog,시장,19,13
파일럿,blog,볼보,17,14
파일럿,blog,글로벌,16,15
파일럿,blog,기본,16,16
파일럿,blog,정리,16,17
파일럿,blog,이번,16,18
파일럿,blog,미국,15,19
파일럿,blog,가격,15,20
파일럿,blog,데이터,15,21
파일럿,blog,주가,14,22
파일럿,blog,실제,14,23
파일럿,blog,기반,14,24
파일럿,blog,어시스트,14,25
파일럿,blog,라인,13,26
파일럿,blog,보조,13,27
파일럿,blog,설계,13,28
파일럿,blog,타이어,13,29
파일럿,blog,지금,13,30
탈주,combined,사람,33,1
탈주,combined,생각,24,2
탈주,combined,우리,18,3
탈주,combined,중간,17,4
탈주,combined,시간,17,5
탈주,combined,감독,15,6
탈주,combined,정도,14,7
탈주,combined,드라마,14,8
탈주,combined,김숙,13,9
탈주,combined,다시,13,10
탈주,combined,친구,12,11
탈주,combined,시작,12,12
탈주,combined,빽가,11,13
탈주,combined,여기,11,14
탈주,combined,이종필,11,15
탈주,combined,사실,11,16
탈주,combined,그냥,11,17
탈주,combined,시도,10,18
탈주,combined,제주,10,19
탈주,combined,지금,10,20
탈주,combined,회사,10,21
탈주,combined,극장,10,22
탈주,combined,하나,10,23
탈주,combined,이야기,10,24
탈주,combined,마음,10,25
탈주,combined,이천희,9,26
탈주,combined,여행,9,27
탈주,combined,이번,9,28
탈주,combined,아이,9,29
탈주,combined,상태,8,30
탈주,blog,사람,33,1
탈주,blog,생각,24,2
탈주,blog,우리,18,3
탈주,blog,중간,17,4
탈주,blog,시간,17,5
탈주,blog,감독,15,6
탈주,blog,정도,14,7
탈주,blog,드라마,14,8
탈주,blog,김숙,13,9
탈주,blog,다시,13,10
탈주,blog,친구,12,11
탈주,blog,시작,12,12
탈주,blog,빽가,11,13
탈주,blog,여기,11,14
탈주,blog,이종필,11,15
탈주,blog,사실,11,16
탈주,blog,그냥,11,17
탈주,blog,시도,10,18
탈주,blog,제주,10,19
탈주,blog,지금,10,20
탈주,blog,회사,10,21
탈주,blog,극장,10,22
탈주,blog,하나,10,23
탈주,blog,이야기,10,24
탈주,blog,마음,10,25
탈주,blog,이천희,9,26
탈주,blog,여행,9,27
탈주,blog,이번,9,28
탈주,blog,아이,9,29
탈주,blog,상태,8,30
교섭,combined,양육,113,1
교섭,combined,면접,112,2
교섭,combined,이혼,92,3
교섭,combined,변호사,88,4
교섭,combined,자녀,54,5
교섭,combined,합의,51,6
교섭,combined,양육비,50,7
교섭,combined,상담,49,8
교섭,combined,재산,39,9
교섭,combined,정리,35,10
교섭,combined,경우,34,11
교섭,combined,분할,34,12
교섭,combined,비용,33,13
교섭,combined,절차,32,14
교섭,combined,선임,30,15
교섭,combined,요구,29,16
교섭,combined,문제,28,17
교섭,combined,소송,27,18
교섭,combined,핵심,27,19
교섭,combined,진행,26,20
교섭,combined,노조,24,21
교섭,combined,부모,23,22
교섭,combined,대응,23,23
교섭,combined,아이,22,24
교섭,combined,과정,22,25
교섭,combined,봉투,22,26
교섭,combined,결정,22,27
교섭,combined,수임,21,28
교섭,combined,법적,20,29
교섭,combined,협의,20,30
교섭,blog,양육,113,1
교섭,blog,면접,112,2
교섭,blog,이혼,92,3
교섭,blog,변호사,88,4
교섭,blog,자녀,54,5
교섭,blog,합의,51,6
교섭,blog,양육비,50,7
교섭,blog,상담,49,8
교섭,blog,재산,39,9
교섭,blog,정리,35,10
교섭,blog,경우,34,11
교섭,blog,분할,34,12
교섭,blog,비용,33,13
교섭,blog,절차,32,14
교섭,blog,선임,30,15
교섭,blog,요구,29,16
교섭,blog,문제,28,17
교섭,blog,소송,27,18
교섭,blog,핵심,27,19
교섭,blog,진행,26,20
교섭,blog,노조,24,21
교섭,blog,부모,23,22
교섭,blog,대응,23,23
교섭,blog,아이,22,24
교섭,blog,과정,22,25
교섭,blog,봉투,22,26
교섭,blog,결정,22,27
교섭,blog,수임,21,28
교섭,blog,법적,20,29
교섭,blog,협의,20,30
핸섬가이즈,combined,맛집,27,1
핸섬가이즈,combined,코미디,24,2
핸섬가이즈,combined,가이즈,19,3
핸섬가이즈,combined,출연,17,4
핸섬가이즈,combined,남동,14,5
핸섬가이즈,combined,배우,13,6
핸섬가이즈,combined,핸섬,12,7
핸섬가이즈,combined,익산,11,8
핸섬가이즈,combined,드라마,10,9
핸섬가이즈,combined,추천,9,10
핸섬가이즈,combined,관람,9,11
핸섬가이즈,combined,승연,9,12
핸섬가이즈,combined,감독,8,13
핸섬가이즈,combined,빵집,8,14
핸섬가이즈,combined,찐빵,8,15
핸섬가이즈,combined,서울,7,16
핸섬가이즈,combined,대표,7,17
핸섬가이즈,combined,핸썸,6,18
핸섬가이즈,combined,파리,6,19
핸섬가이즈,combined,메뉴,6,20
핸섬가이즈,combined,한국,6,21
핸섬가이즈,combined,악연,6,22
핸섬가이즈,combined,생각,6,23
핸섬가이즈,combined,무대,6,24
핸섬가이즈,combined,인사,6,25
핸섬가이즈,combined,생활,6,26
핸섬가이즈,combined,디즈니,5,27
핸섬가이즈,combined,데일,5,28
핸섬가이즈,combined,이블,5,29
핸섬가이즈,combined,방송,5,30
핸섬가이즈,blog,맛집,27,1
핸섬가이즈,blog,코미디,24,2
핸섬가이즈,blog,가이즈,19,3
핸섬가이즈,blog,출연,17,4
핸섬가이즈,blog,남동,14,5
핸섬가이즈,blog,배우,13,6
핸섬가이즈,blog,핸섬,12,7
핸섬가이즈,blog,익산,11,8
핸섬가이즈,blog,드라마,10,9
핸섬가이즈,blog,추천,9,10
핸섬가이즈,blog,관람,9,11
핸섬가이즈,blog,승연,9,12
핸섬가이즈,blog,감독,8,13
핸섬가이즈,blog,빵집,8,14
핸섬가이즈,blog,찐빵,8,15
핸섬가이즈,blog,서울,7,16
핸섬가이즈,blog,대표,7,17
핸섬가이즈,blog,핸썸,6,18
핸섬가이즈,blog,파리,6,19
핸섬가이즈,blog,메뉴,6,20
핸섬가이즈,blog,한국,6,21
핸섬가이즈,blog,악연,6,22
핸섬가이즈,blog,생각,6,23
핸섬가이즈,blog,무대,6,24
핸섬가이즈,blog,인사,6,25
핸섬가이즈,blog,생활,6,26
핸섬가이즈,blog,디즈니,5,27
핸섬가이즈,blog,데일,5,28
핸섬가이즈,blog,이블,5,29
핸섬가이즈,blog,방송,5,30
인질,combined,이란,78,1
인질,combined,미국,59,2
인질,combined,전쟁,43,3
인질,combined,세계,31,4
인질,combined,사건,29,5
인질,combined,경제,25,6
인질,combined,에너지,23,7
인질,combined,위해,22,8
인질,combined,호르무즈,22,9
인질,combined,해협,18,10
인질,combined,해적,17,11
인질,combined,트럼프,17,12
인질,combined,상황,16,13
인질,combined,대사관,16,14
인질,combined,잡고,15,15
인질,combined,공격,14,16
인질,combined,갈등,14,17
인질,combined,요구,14,18
인질,combined,국제,13,19
인질,combined,순간,13,20
인질,combined,이스라엘,13,21
인질,combined,정리,13,22
인질,combined,우리,13,23
인질,combined,사실,12,24
인질,combined,사람,11,25
인질,combined,지금,11,26
인질,combined,이제,11,27
인질,combined,사기,11,28
인질,combined,이후,11,29
인질,combined,중동,11,30
인질,blog,이란,78,1
인질,blog,미국,59,2
인질,blog,전쟁,43,3
인질,blog,세계,31,4
인질,blog,사건,29,5
인질,blog,경제,25,6
인질,blog,에너지,23,7
인질,blog,위해,22,8
인질,blog,호르무즈,22,9
인질,blog,해협,18,10
인질,blog,해적,17,11
인질,blog,트럼프,17,12
인질,blog,상황,16,13
인질,blog,대사관,16,14
인질,blog,잡고,15,15
인질,blog,공격,14,16
인질,blog,갈등,14,17
인질,blog,요구,14,18
인질,blog,국제,13,19
인질,blog,순간,13,20
인질,blog,이스라엘,13,21
인질,blog,정리,13,22
인질,blog,우리,13,23
인질,blog,사실,12,24
인질,blog,사람,11,25
인질,blog,지금,11,26
인질,blog,이제,11,27
인질,blog,사기,11,28
인질,blog,이후,11,29
인질,blog,중동,11,30
보이스,combined,보이스피싱,157,1
보이스,combined,금융,31,2
보이스,combined,사기,29,3
보이스,combined,보컬,26,4
보이스,combined,범죄,26,5
보이스,combined,피해,24,6
보이스,combined,방법,24,7
보이스,combined,예방,24,8
보이스,combined,학원,22,9
보이스,combined,상담,22,10
보이스,combined,계좌,21,11
보이스,combined,정리,19,12
보이스,combined,최근,19,13
보이스,combined,목소리,18,14
보이스,combined,신청,17,15
보이스,combined,바로,16,16
보이스,combined,주의,16,17
보이스,combined,앙상블,16,18
보이스,combined,전화,15,19
보이스,combined,스토어,15,20
보이스,combined,트레이닝,15,21
보이스,combined,변호사,15,22
보이스,combined,개인,14,23
보이스,combined,팝업,14,24
보이스,combined,무대,14,25
보이스,combined,선택,14,26
보이스,combined,상황,14,27
보이스,combined,개통,14,28
보이스,combined,가장,14,29
보이스,combined,이용,13,30
보이스,blog,보이스피싱,157,1
보이스,blog,금융,31,2
보이스,blog,사기,29,3
보이스,blog,보컬,26,4
보이스,blog,범죄,26,5
보이스,blog,피해,24,6
보이스,blog,방법,24,7
보이스,blog,예방,24,8
보이스,blog,학원,22,9
보이스,blog,상담,22,10
보이스,blog,계좌,21,11
보이스,blog,정리,19,12
보이스,blog,최근,19,13
보이스,blog,목소리,18,14
보이스,blog,신청,17,15
보이스,blog,바로,16,16
보이스,blog,주의,16,17
보이스,blog,앙상블,16,18
보이스,blog,전화,15,19
보이스,blog,스토어,15,20
보이스,blog,트레이닝,15,21
보이스,blog,변호사,15,22
보이스,blog,개인,14,23
보이스,blog,팝업,14,24
보이스,blog,무대,14,25
보이스,blog,선택,14,26
보이스,blog,상황,14,27
보이스,blog,개통,14,28
보이스,blog,가장,14,29
보이스,blog,이용,13,30
시민덕희,combined,라미란,24,1
시민덕희,combined,배우,23,2
시민덕희,combined,염혜,20,3
시민덕희,combined,보이스피싱,14,4
시민덕희,combined,작품,11,5
시민덕희,combined,최근,11,6
시민덕희,combined,드라마,10,7
시민덕희,combined,흥행,10,8
시민덕희,combined,연기,10,9
시민덕희,combined,주연,9,10
시민덕희,combined,실화,9,11
시민덕희,combined,상영,8,12
시민덕희,combined,감독,8,13
시민덕희,combined,프로필,7,14
시민덕희,combined,출연,7,15
시민덕희,combined,매드,7,16
시민덕희,combined,댄스,7,17
시민덕희,combined,장항준,7,18
시민덕희,combined,돌파,6,19
시민덕희,combined,통해,6,20
시민덕희,combined,사실,6,21
시민덕희,combined,남자,6,22
시민덕희,combined,다이어트,6,23
시민덕희,combined,아이,5,24
시민덕희,combined,퀴즈,5,25
시민덕희,combined,이후,5,26
시민덕희,combined,정리,5,27
시민덕희,combined,사기,5,28
시민덕희,combined,우리,5,29
시민덕희,combined,천만,5,30
시민덕희,blog,라미란,24,1
시민덕희,blog,배우,23,2
시민덕희,blog,염혜,20,3
시민덕희,blog,보이스피싱,14,4
시민덕희,blog,작품,11,5
시민덕희,blog,최근,11,6
시민덕희,blog,드라마,10,7
시민덕희,blog,흥행,10,8
시민덕희,blog,연기,10,9
시민덕희,blog,주연,9,10
시민덕희,blog,실화,9,11
시민덕희,blog,상영,8,12
시민덕희,blog,감독,8,13
시민덕희,blog,프로필,7,14
시민덕희,blog,출연,7,15
시민덕희,blog,매드,7,16
시민덕희,blog,댄스,7,17
시민덕희,blog,장항준,7,18
시민덕희,blog,돌파,6,19
시민덕희,blog,통해,6,20
시민덕희,blog,사실,6,21
시민덕희,blog,남자,6,22
시민덕희,blog,다이어트,6,23
시민덕희,blog,아이,5,24
시민덕희,blog,퀴즈,5,25
시민덕희,blog,이후,5,26
시민덕희,blog,정리,5,27
시민덕희,blog,사기,5,28
시민덕희,blog,우리,5,29
시민덕희,blog,천만,5,30
외계+인 2부,combined,외계인,120,1
외계+인 2부,combined,인간,19,2
외계+인 2부,combined,지구,14,3
외계+인 2부,combined,생각,13,4
외계+인 2부,combined,이야기,13,5
외계+인 2부,combined,우주,13,6
외계+인 2부,combined,사람,13,7
외계+인 2부,combined,우리,12,8
외계+인 2부,combined,감독,11,9
외계+인 2부,combined,존재,10,10
외계+인 2부,combined,시작,9,11
외계+인 2부,combined,인류,9,12
외계+인 2부,combined,장항준,9,13
외계+인 2부,combined,소설,8,14
외계+인 2부,combined,삼체,8,15
외계+인 2부,combined,작품,8,16
외계+인 2부,combined,노래,8,17
외계+인 2부,combined,정리,8,18
외계+인 2부,combined,천만,8,19
외계+인 2부,combined,대한,7,20
외계+인 2부,combined,완결,7,21
외계+인 2부,combined,니나,7,22
외계+인 2부,combined,다른,7,23
외계+인 2부,combined,바로,7,24
외계+인 2부,combined,사진,7,25
외계+인 2부,combined,로봇,7,26
외계+인 2부,combined,한국,6,27
외계+인 2부,combined,등장,6,28
외계+인 2부,combined,암흑,6,29
외계+인 2부,combined,야구,6,30
외계+인 2부,blog,외계인,120,1
외계+인 2부,blog,인간,19,2
외계+인 2부,blog,지구,14,3
외계+인 2부,blog,생각,13,4
외계+인 2부,blog,이야기,13,5
외계+인 2부,blog,우주,13,6
외계+인 2부,blog,사람,13,7
외계+인 2부,blog,우리,12,8
외계+인 2부,blog,감독,11,9
외계+인 2부,blog,존재,10,10
외계+인 2부,blog,시작,9,11
외계+인 2부,blog,인류,9,12
외계+인 2부,blog,장항준,9,13
외계+인 2부,blog,소설,8,14
외계+인 2부,blog,삼체,8,15
외계+인 2부,blog,작품,8,16
외계+인 2부,blog,노래,8,17
외계+인 2부,blog,정리,8,18
외계+인 2부,blog,천만,8,19
외계+인 2부,blog,대한,7,20
외계+인 2부,blog,완결,7,21
외계+인 2부,blog,니나,7,22
외계+인 2부,blog,다른,7,23
외계+인 2부,blog,바로,7,24
외계+인 2부,blog,사진,7,25
외계+인 2부,blog,로봇,7,26
외계+인 2부,blog,한국,6,27
외계+인 2부,blog,등장,6,28
외계+인 2부,blog,암흑,6,29
외계+인 2부,blog,야구,6,30
슬립,combined,효민,61,1
슬립,combined,침대,55,2
슬립,combined,패션,49,3
슬립,combined,실크,39,4
슬립,combined,베개,35,5
슬립,combined,수면,33,6
슬립,combined,매트리스,31,7
슬립,combined,타임슬립,30,8
슬립,combined,추천,28,9
슬립,combined,란제리,28,10
슬립,combined,직접,27,11
슬립,combined,레이스,26,12
슬립,combined,속옷,26,13
슬립,combined,에어,26,14
슬립,combined,공항,25,15
슬립,combined,셋업,24,16
슬립,combined,선택,24,17
슬립,combined,사진,23,18
슬립,combined,제품,22,19
슬립,combined,파격,21,20
슬립,combined,핑크,21,21
슬립,combined,사용,20,22
슬립,combined,딥슬립,20,23
슬립,combined,숙면,20,24
슬립,combined,서랍,20,25
슬립,combined,공개,19,26
슬립,combined,원피스,19,27
슬립,combined,드레스,19,28
슬립,combined,셀카,17,29
슬립,combined,바로,17,30
슬립,blog,효민,61,1
슬립,blog,침대,55,2
슬립,blog,패션,49,3
슬립,blog,실크,39,4
슬립,blog,베개,35,5
슬립,blog,수면,33,6
슬립,blog,매트리스,31,7
슬립,blog,타임슬립,30,8
슬립,blog,추천,28,9
슬립,blog,란제리,28,10
슬립,blog,직접,27,11
슬립,blog,레이스,26,12
슬립,blog,속옷,26,13
슬립,blog,에어,26,14
슬립,blog,공항,25,15
슬립,blog,셋업,24,16
슬립,blog,선택,24,17
슬립,blog,사진,23,18
슬립,blog,제품,22,19
슬립,blog,파격,21,20
슬립,blog,핑크,21,21
슬립,blog,사용,20,22
슬립,blog,딥슬립,20,23
슬립,blog,숙면,20,24
슬립,blog,서랍,20,25
슬립,blog,공개,19,26
슬립,blog,원피스,19,27
슬립,blog,드레스,19,28
슬립,blog,셀카,17,29
슬립,blog,바로,17,30
드림,combined,렌트,33,1
드림,combined,장기,32,2
드림,combined,드림캐쳐,31,3
드림,combined,비상,27,4
드림,combined,추천,24,5
드림,combined,바로,24,6
드림,combined,사무실,24,7
드림,combined,오피스,20,8
드림,combined,가격,19,9
드림,combined,관리,18,10
드림,combined,여기,16,11
드림,combined,고민,16,12
드림,combined,렌즈,15,13
드림,combined,시간,15,14
드림,combined,공유,15,15
드림,combined,센터,14,16
드림,combined,꿀팁,14,17
드림,combined,아이,14,18
드림,combined,의원,14,19
드림,combined,개인,14,20
드림,combined,시작,13,21
드림,combined,공연,13,22
드림,combined,판매,13,23
드림,combined,투유,13,24
드림,combined,주차,12,25
드림,combined,피부,12,26
드림,combined,상담,11,27
드림,combined,아파트,11,28
드림,combined,비용,11,29
드림,combined,지원,11,30
드림,blog,렌트,33,1
드림,blog,장기,32,2
드림,blog,드림캐쳐,31,3
드림,blog,비상,27,4
드림,blog,추천,24,5
드림,blog,바로,24,6
드림,blog,사무실,24,7
드림,blog,오피스,20,8
드림,blog,가격,19,9
드림,blog,관리,18,10
드림,blog,여기,16,11
드림,blog,고민,16,12
드림,blog,렌즈,15,13
드림,blog,시간,15,14
드림,blog,공유,15,15
드림,blog,센터,14,16
드림,blog,꿀팁,14,17
드림,blog,아이,14,18
드림,blog,의원,14,19
드림,blog,개인,14,20
드림,blog,시작,13,21
드림,blog,공연,13,22
드림,blog,판매,13,23
드림,blog,투유,13,24
드림,blog,주차,12,25
드림,blog,피부,12,26
드림,blog,상담,11,27
드림,blog,아파트,11,28
드림,blog,비용,11,29
드림,blog,지원,11,30
마녀,combined,변동성,35,1
마녀,combined,미국,30,2
마녀,combined,스프,30,3
마녀,combined,옵션,28,4
마녀,combined,하락,24,5
마녀,combined,시장,24,6
마녀,combined,주식,23,7
마녀,combined,만기,22,8
마녀,combined,선물,21,9
마녀,combined,마녀사냥,19,10
마녀,combined,만기일,16,11
마녀,combined,안양,16,12
마녀,combined,역사,15,13
마녀,combined,미스터리,15,14
마녀,combined,선물옵션,15,15
마녀,combined,증시,15,16
마녀,combined,여행,15,17
마녀,combined,배달,14,18
마녀,combined,키키,14,19
마녀,combined,동시,14,20
마녀,combined,추천,14,21
마녀,combined,달러,13,22
마녀,combined,영어,13,23
마녀,combined,지수,13,24
마녀,combined,지브리,12,25
마녀,combined,마감,12,26
마녀,combined,범계,12,27
마녀,combined,살롱,12,28
마녀,combined,맛집,11,29
마녀,combined,개별,11,30
마녀,blog,변동성,35,1
마녀,blog,미국,30,2
마녀,blog,스프,30,3
마녀,blog,옵션,28,4
마녀,blog,하락,24,5
마녀,blog,시장,24,6
마녀,blog,주식,23,7
마녀,blog,만기,22,8
마녀,blog,선물,21,9
마녀,blog,마녀사냥,19,10
마녀,blog,만기일,16,11
마녀,blog,안양,16,12
마녀,blog,역사,15,13
마녀,blog,미스터리,15,14
마녀,blog,선물옵션,15,15
마녀,blog,증시,15,16
마녀,blog,여행,15,17
마녀,blog,배달,14,18
마녀,blog,키키,14,19
마녀,blog,동시,14,20
마녀,blog,추천,14,21
마녀,blog,달러,13,22
마녀,blog,영어,13,23
마녀,blog,지수,13,24
마녀,blog,지브리,12,25
마녀,blog,마감,12,26
마녀,blog,범계,12,27
마녀,blog,살롱,12,28
마녀,blog,맛집,11,29
마녀,blog,개별,11,30
곤지암,combined,화환,170,1
곤지암,combined,장례식,148,2
곤지암,combined,광주,131,3
곤지암,combined,광주시,126,4
곤지암,combined,경기도,87,5
곤지암,combined,화담,67,6
곤지암,combined,맛집,62,7
곤지암,combined,장례,51,8
곤지암,combined,리조트,43,9
곤지암,combined,벚꽃,40,10
곤지암,combined,병원,38,11
곤지암,combined,곤지암읍,38,12
곤지암,combined,렌탈,38,13
곤지암,combined,추천,37,14
곤지암,combined,경기,35,15
곤지암,combined,전화,34,16
곤지암,combined,여행,33,17
곤지암,combined,상담,33,18
곤지암,combined,스키,32,19
곤지암,combined,홈페이지,29,20
곤지암,combined,예약,28,21
곤지암,combined,조화,26,22
곤지암,combined,당일,24,23
곤지암,combined,위치,24,24
곤지암,combined,이천,24,25
곤지암,combined,타이어,24,26
곤지암,combined,한식,23,27
곤지암,combined,도척면,22,28
곤지암,combined,문화원,21,29
곤지암,combined,이동,20,30
곤지암,blog,화환,170,1
곤지암,blog,장례식,148,2
곤지암,blog,광주,131,3
곤지암,blog,광주시,126,4
곤지암,blog,경기도,87,5
곤지암,blog,화담,67,6
곤지암,blog,맛집,62,7
곤지암,blog,장례,51,8
곤지암,blog,리조트,43,9
곤지암,blog,벚꽃,40,10
곤지암,blog,병원,38,11
곤지암,blog,곤지암읍,38,12
곤지암,blog,렌탈,38,13
곤지암,blog,추천,37,14
곤지암,blog,경기,35,15
곤지암,blog,전화,34,16
곤지암,blog,여행,33,17
곤지암,blog,상담,33,18
곤지암,blog,스키,32,19
곤지암,blog,홈페이지,29,20
곤지암,blog,예약,28,21
곤지암,blog,조화,26,22
곤지암,blog,당일,24,23
곤지암,blog,위치,24,24
곤지암,blog,이천,24,25
곤지암,blog,타이어,24,26
곤지암,blog,한식,23,27
곤지암,blog,도척면,22,28
곤지암,blog,문화원,21,29
곤지암,blog,이동,20,30
박열,combined,미코,60,1
박열,combined,네코,57,2
박열,combined,일본,33,3
박열,combined,의사,33,4
박열,combined,독립운동가,28,5
박열,combined,역사,28,6
박열,combined,드라마,26,7
박열,combined,이제훈,23,8
박열,combined,아이,23,9
박열,combined,부강,22,10
박열,combined,작품,22,11
박열,combined,이야기,21,12
박열,combined,배우,20,13
박열,combined,추천,20,14
박열,combined,기념관,19,15
박열,combined,일본인,18,16
박열,combined,뮤지컬,18,17
박열,combined,인물,18,18
박열,combined,자료,17,19
박열,combined,삼일절,17,20
박열,combined,교환,16,21
박열,combined,세종,16,22
박열,combined,장르,16,23
박열,combined,감독,15,24
박열,combined,한국,15,25
박열,combined,맛집,15,26
박열,combined,동주,13,27
박열,combined,이준익,13,28
박열,combined,다실,13,29
박열,combined,우동,13,30
박열,blog,미코,60,1
박열,blog,네코,57,2
박열,blog,일본,33,3
박열,blog,의사,33,4
박열,blog,독립운동가,28,5
박열,blog,역사,28,6
박열,blog,드라마,26,7
박열,blog,이제훈,23,8
박열,blog,아이,23,9
박열,blog,부강,22,10
박열,blog,작품,22,11
박열,blog,이야기,21,12
박열,blog,배우,20,13
박열,blog,추천,20,14
박열,blog,기념관,19,15
박열,blog,일본인,18,16
박열,blog,뮤지컬,18,17
박열,blog,인물,18,18
박열,blog,자료,17,19
박열,blog,삼일절,17,20
박열,blog,교환,16,21
박열,blog,세종,16,22
박열,blog,장르,16,23
박열,blog,감독,15,24
박열,blog,한국,15,25
박열,blog,맛집,15,26
박열,blog,동주,13,27
박열,blog,이준익,13,28
박열,blog,다실,13,29
박열,blog,우동,13,30
나쁜 녀석들: 더 무비,combined,마음,17,1
나쁜 녀석들: 더 무비,combined,장르,16,2
나쁜 녀석들: 더 무비,combined,액션,11,3
나쁜 녀석들: 더 무비,combined,드라마,10,4
나쁜 녀석들: 더 무비,combined,범죄,10,5
나쁜 녀석들: 더 무비,combined,유마,10,6
나쁜 녀석들: 더 무비,combined,설경,10,7
나쁜 녀석들: 더 무비,combined,의미,9,8
나쁜 녀석들: 더 무비,combined,모든,9,9
나쁜 녀석들: 더 무비,combined,출연,8,10
나쁜 녀석들: 더 무비,combined,롯데,8,11
나쁜 녀석들: 더 무비,combined,시네마,8,12
나쁜 녀석들: 더 무비,combined,보살,8,13
나쁜 녀석들: 더 무비,combined,통해,8,14
나쁜 녀석들: 더 무비,combined,생각,7,15
나쁜 녀석들: 더 무비,combined,우리,7,16
나쁜 녀석들: 더 무비,combined,배우,6,17
나쁜 녀석들: 더 무비,combined,상영,6,18
나쁜 녀석들: 더 무비,combined,사랑,6,19
나쁜 녀석들: 더 무비,combined,이상,6,20
나쁜 녀석들: 더 무비,combined,본질,6,21
나쁜 녀석들: 더 무비,combined,핵심,6,22
나쁜 녀석들: 더 무비,combined,요약,6,23
나쁜 녀석들: 더 무비,combined,금강경,6,24
나쁜 녀석들: 더 무비,combined,김형,6,25
나쁜 녀석들: 더 무비,combined,시간,5,26
나쁜 녀석들: 더 무비,combined,세상,5,27
나쁜 녀석들: 더 무비,combined,설명,5,28
나쁜 녀석들: 더 무비,combined,코미디,5,29
나쁜 녀석들: 더 무비,combined,존재,5,30
나쁜 녀석들: 더 무비,blog,마음,17,1
나쁜 녀석들: 더 무비,blog,장르,16,2
나쁜 녀석들: 더 무비,blog,액션,11,3
나쁜 녀석들: 더 무비,blog,드라마,10,4
나쁜 녀석들: 더 무비,blog,범죄,10,5
나쁜 녀석들: 더 무비,blog,유마,10,6
나쁜 녀석들: 더 무비,blog,설경,10,7
나쁜 녀석들: 더 무비,blog,의미,9,8
나쁜 녀석들: 더 무비,blog,모든,9,9
나쁜 녀석들: 더 무비,blog,출연,8,10
나쁜 녀석들: 더 무비,blog,롯데,8,11
나쁜 녀석들: 더 무비,blog,시네마,8,12
나쁜 녀석들: 더 무비,blog,보살,8,13
나쁜 녀석들: 더 무비,blog,통해,8,14
나쁜 녀석들: 더 무비,blog,생각,7,15
나쁜 녀석들: 더 무비,blog,우리,7,16
나쁜 녀석들: 더 무비,blog,배우,6,17
나쁜 녀석들: 더 무비,blog,상영,6,18
나쁜 녀석들: 더 무비,blog,사랑,6,19
나쁜 녀석들: 더 무비,blog,이상,6,20
나쁜 녀석들: 더 무비,blog,본질,6,21
나쁜 녀석들: 더 무비,blog,핵심,6,22
나쁜 녀석들: 더 무비,blog,요약,6,23
나쁜 녀석들: 더 무비,blog,금강경,6,24
나쁜 녀석들: 더 무비,blog,김형,6,25
나쁜 녀석들: 더 무비,blog,시간,5,26
나쁜 녀석들: 더 무비,blog,세상,5,27
나쁜 녀석들: 더 무비,blog,설명,5,28
나쁜 녀석들: 더 무비,blog,코미디,5,29
나쁜 녀석들: 더 무비,blog,존재,5,30
